ID,–í—Ä–µ–º—è —Å–æ–∑–¥–∞–Ω–∏—è,–ö–µ–º –í—ã —Ä–∞–±–æ—Ç–∞–µ—Ç–µ? / –†—É–∫–æ–≤–æ–¥–∏—Ç–µ–ª—å –≤—Ä–∞—á–∞–º–∏ –∏–ª–∏ —Å–µ—Å—Ç—Ä–∞–º–∏ –∑–∞–Ω–∏–º–∞—é—â–∏–º–∏—Å—è —Ä–µ–Ω—Ç–≥–µ–Ω—ç–Ω–¥–æ–≤–∞—Å–∫—É–ª—è—Ä–Ω—ã–º–∏ –ø—Ä–æ—Ü–µ–¥—É—Ä–∞–º–∏,–ö–µ–º –í—ã —Ä–∞–±–æ—Ç–∞–µ—Ç–µ? / –í—Ä–∞—á-—Å–ø–µ—Ü–∏–∞–ª–∏—Å—Ç –ø–æ —Ä–µ–Ω—Ç–≥–µ–Ω—ç–Ω–¥–æ–≤–∞—Å–∫—É–ª—è—Ä–Ω—ã–º –¥–∏–∞–≥–Ω–æ—Å—Ç–∏–∫–µ –∏ –ª–µ—á–µ–Ω–∏—é (–≤–∫–ª—é—á–∞—è —ç–Ω–¥–æ–≤–∞—Å–∫—É–ª—è—Ä–Ω—É—é –∞—Ä–∏—Ç–º–æ–ª–æ–≥–∏—é),–ö–µ–º –í—ã —Ä–∞–±–æ—Ç–∞–µ—Ç–µ? / –ú–µ–¥–∏—Ü–∏–Ω—Å–∫–∞—è —Å–µ—Å—Ç—Ä–∞ (–ª—é–±–∞—è) –≤ —Ä–µ–Ω—Ç–≥–µ–Ω–æ–ø–µ—Ä–∞—Ü–∏–æ–Ω–Ω–æ–π,–ö–µ–º –í—ã —Ä–∞–±–æ—Ç–∞–µ—Ç–µ? / –ù–µ –∏–º–µ—é –æ—Ç–Ω–æ—à–µ–Ω–∏—è –∫ —Ä–µ–Ω—Ç–≥–µ–Ω–æ–ø–µ—Ä–∞—Ü–∏–æ–Ω–Ω–æ–π,–ó–∞–ø–æ–ª–Ω—è–µ—Ç–µ –ª–∏ –í—ã —ç—Ç—É –∞–Ω–∫–µ—Ç—É –≤–ø–µ—Ä–≤—ã–µ?,–í–∞—à –ø–æ–ª,–í–∞—à –≤–æ–∑—Ä–∞—Å—Ç,"–í–∞—à —Å—Ç–∞–∂ –≤ —Ä–µ–Ω—Ç–≥–µ–Ω–æ–ø–µ—Ä–∞—Ü–∏–æ–Ω–Ω–æ–π (–≤–∫–ª—é—á–∞—è —Ç–µ –≤—Ä–µ–º–µ–Ω–∞, –∫–æ–≥–¥–∞ –æ—Ñ–∏—Ü–∏–∞–ª—å–Ω–æ –Ω–∞—à–µ–π —Å–ø–µ—Ü–∏–∞–ª—å–Ω–æ—Å—Ç–∏ –Ω–µ –±—ã–ª–æ)",–£—á–µ–Ω–∞—è —Å—Ç–µ–ø–µ–Ω—å,–ö–æ–ª–∏—á–µ—Å—Ç–≤–æ –ø–æ–¥—á–∏–Ω–µ–Ω–Ω—ã—Ö (0 - –µ—Å–ª–∏ –Ω–µ –∑–∞–≤–µ–¥—É—é—â–∏–π),–ò—Å–ø–æ–ª—å–∑—É–µ—Ç–µ –ª–∏ –≤—ã —Å–≤–æ–∏ —Å–ø–æ—Å–æ–±–Ω–æ—Å—Ç–∏ –≤ –ø–æ–ª–Ω–æ–π –º–µ—Ä–µ –≤ —Å–≤–æ–µ–π –ø–æ–≤—Å–µ–¥–Ω–µ–≤–Ω–æ–π —Ä–∞–±–æ—Ç–µ –±–æ–ª—å—à—É—é —á–∞—Å—Ç—å –≤—Ä–µ–º–µ–Ω–∏?,"–ü–æ–∂–∞–ª—É–π—Å—Ç–∞, –æ—Ç–≤–µ—Ç—å—Ç–µ —Å–æ–≥–ª–∞—Å–Ω—ã –ª–∏ –í—ã —Å —ç—Ç–∏–º–∏ —É—Ç–≤–µ—Ä–∂–¥–µ–Ω–∏—è–º–∏ / –Ø —Å–∞–º–æ—Å—Ç–æ—è—Ç–µ–ª—å–Ω–æ –ø—Ä–æ–±—É—é –Ω–æ–≤—ã–µ —Å–ø–æ—Å–æ–±—ã –≤—ã–ø–æ–ª–Ω–µ–Ω–∏—è —Ä–∞–±–æ—Ç—ã.","–ü–æ–∂–∞–ª—É–π—Å—Ç–∞, –æ—Ç–≤–µ—Ç—å—Ç–µ —Å–æ–≥–ª–∞—Å–Ω—ã –ª–∏ –í—ã —Å —ç—Ç–∏–º–∏ —É—Ç–≤–µ—Ä–∂–¥–µ–Ω–∏—è–º–∏ / –Ø –ø—Ä–µ–¥–ø–æ—á–∏—Ç–∞—é —Ä–∞–±–æ—Ç—É, –∫–æ—Ç–æ—Ä–∞—è —Ç—Ä–µ–±—É–µ—Ç –æ—Ä–∏–≥–∏–Ω–∞–ª—å–Ω–æ–≥–æ –º—ã—à–ª–µ–Ω–∏—è.","–ü–æ–∂–∞–ª—É–π—Å—Ç–∞, –æ—Ç–≤–µ—Ç—å—Ç–µ —Å–æ–≥–ª–∞—Å–Ω—ã –ª–∏ –í—ã —Å —ç—Ç–∏–º–∏ —É—Ç–≤–µ—Ä–∂–¥–µ–Ω–∏—è–º–∏ / –ö–æ–≥–¥–∞ —á—Ç–æ-—Ç–æ –Ω–µ —Ñ—É–Ω–∫—Ü–∏–æ–Ω–∏—Ä—É–µ—Ç –Ω–∞ —Ä–∞–±–æ—Ç–µ, —è —Å—Ç–∞—Ä–∞—é—Å—å –Ω–∞–π—Ç–∏ –Ω–æ–≤–æ–µ —Ä–µ—à–µ–Ω–∏–µ.","–ü–æ–∂–∞–ª—É–π—Å—Ç–∞, –æ—Ç–≤–µ—Ç—å—Ç–µ —Å–æ–≥–ª–∞—Å–Ω—ã –ª–∏ –í—ã —Å —ç—Ç–∏–º–∏ —É—Ç–≤–µ—Ä–∂–¥–µ–Ω–∏—è–º–∏ / –Ø —Å—Ç–∞—Ä–∞—é—Å—å –ø–æ–ª—É—á–∞—Ç—å –Ω–æ–≤–æ–µ –æ—Ç –∫–æ–ª–ª–µ–≥","–ü–æ–∂–∞–ª—É–π—Å—Ç–∞, –æ—Ç–≤–µ—Ç—å—Ç–µ —Å–æ–≥–ª–∞—Å–Ω—ã –ª–∏ –í—ã —Å —ç—Ç–∏–º–∏ —É—Ç–≤–µ—Ä–∂–¥–µ–Ω–∏—è–º–∏ / –ú–Ω–µ –∏–Ω—Ç–µ—Ä–µ—Å–Ω–æ, –∫–∞–∫ –¥–µ–ª–∞ –æ–±—Å—Ç–æ—è—Ç –≤ –¥—Ä—É–≥–∏—Ö –º–µ—Å—Ç–∞—Ö, —á—Ç–æ–±—ã –∏—Å–ø–æ–ª—å–∑–æ–≤–∞—Ç—å –ø–æ–ª—É—á–µ–Ω–Ω—É—é –∏–Ω—Ñ–æ—Ä–º–∞—Ü–∏—é –≤ —Å–≤–æ–µ–π —Ä–∞–±–æ—Ç–µ.","–ü–æ–∂–∞–ª—É–π—Å—Ç–∞, –æ—Ç–≤–µ—Ç—å—Ç–µ —Å–æ–≥–ª–∞—Å–Ω—ã –ª–∏ –í—ã —Å —ç—Ç–∏–º–∏ —É—Ç–≤–µ—Ä–∂–¥–µ–Ω–∏—è–º–∏ / –Ø –∏—â—É –Ω–æ–≤—à–µ—Å—Ç–≤–∞ —É –¥—Ä—É–≥–∏—Ö –ª—é–¥–µ–π, —á—Ç–æ–±—ã –ø–æ–ø—Ä–æ–±–æ–≤–∞—Ç—å –≤–Ω–µ–¥—Ä–∏—Ç—å –ª—É—á—à–∏–µ –∏–∑ –Ω–∏—Ö.","–ü–æ–∂–∞–ª—É–π—Å—Ç–∞, –æ—Ç–≤–µ—Ç—å—Ç–µ —Å–æ–≥–ª–∞—Å–Ω—ã –ª–∏ –í—ã —Å —ç—Ç–∏–º–∏ —É—Ç–≤–µ—Ä–∂–¥–µ–Ω–∏—è–º–∏ / –ö–æ–≥–¥–∞ —É –º–µ–Ω—è –ø–æ—è–≤–ª—è–µ—Ç—Å—è –Ω–æ–≤–∞—è –∏–¥–µ—è, —è —Å—Ç–∞—Ä–∞—é—Å—å —É–±–µ–¥–∏—Ç—å –≤ –Ω–µ–π —Å–≤–æ–∏—Ö –∫–æ–ª–ª–µ–≥.","–ü–æ–∂–∞–ª—É–π—Å—Ç–∞, –æ—Ç–≤–µ—Ç—å—Ç–µ —Å–æ–≥–ª–∞—Å–Ω—ã –ª–∏ –í—ã —Å —ç—Ç–∏–º–∏ —É—Ç–≤–µ—Ä–∂–¥–µ–Ω–∏—è–º–∏ / –ö–æ–≥–¥–∞ —É –º–µ–Ω—è –ø–æ—è–≤–ª—è–µ—Ç—Å—è –Ω–æ–≤–∞—è –∏–¥–µ—è, —è —Å—Ç–∞—Ä–∞—é—Å—å –∑–∞—Ä—É—á–∏—Ç—å—Å—è –ø–æ–¥–¥–µ—Ä–∂–∫–æ–π —Ä—É–∫–æ–≤–æ–¥—Å—Ç–≤–∞.","–ü–æ–∂–∞–ª—É–π—Å—Ç–∞, –æ—Ç–≤–µ—Ç—å—Ç–µ —Å–æ–≥–ª–∞—Å–Ω—ã –ª–∏ –í—ã —Å —ç—Ç–∏–º–∏ —É—Ç–≤–µ—Ä–∂–¥–µ–Ω–∏—è–º–∏ / –Ø —Å—Ç–∞—Ä–∞—é—Å—å –ø–æ–∫–∞–∑—ã–≤–∞—Ç—å –∫–æ–ª–ª–µ–≥–∞–º –ø–æ–ª–æ–∂–∏—Ç–µ–ª—å–Ω—ã–µ —Å—Ç–æ—Ä–æ–Ω—ã –Ω–æ–≤—à–µ—Å—Ç–≤.","–ü–æ–∂–∞–ª—É–π—Å—Ç–∞, –æ—Ç–≤–µ—Ç—å—Ç–µ —Å–æ–≥–ª–∞—Å–Ω—ã –ª–∏ –í—ã —Å —ç—Ç–∏–º–∏ —É—Ç–≤–µ—Ä–∂–¥–µ–Ω–∏—è–º–∏ / –ö–æ–≥–¥–∞ —É –º–µ–Ω—è –ø–æ—è–≤–ª—è–µ—Ç—Å—è –∏–¥–µ—è –Ω–æ–≤—à–µ—Å—Ç–≤–∞, —è —Å—Ç–∞—Ä–∞—é—Å—å –ø—Ä–∏–≤–ª–µ—á—å –ª—é–¥–µ–π, –∫–æ—Ç–æ—Ä—ã–µ –º–æ–≥—É—Ç —Å–æ—Ç—Ä—É–¥–Ω–∏—á–∞—Ç—å –Ω–∞–¥ –µ—ë —Ä–µ–∞–ª–∏–∑–∞—Ü–∏–µ–π.","–ü–æ–∂–∞–ª—É–π—Å—Ç–∞, –æ—Ç–≤–µ—Ç—å—Ç–µ —Å–æ–≥–ª–∞—Å–Ω—ã –ª–∏ –í—ã —Å —ç—Ç–∏–º–∏ —É—Ç–≤–µ—Ä–∂–¥–µ–Ω–∏—è–º–∏ / –Ø —Ä–∞–∑—Ä–∞–±–∞—Ç—ã–≤–∞—é –ø–æ–¥—Ö–æ–¥—è—â–∏–µ –ø–ª–∞–Ω—ã –∏ –≥—Ä–∞—Ñ–∏–∫–∏ –¥–ª—è —Ä–µ–∞–ª–∏–∑–∞—Ü–∏–∏ –Ω–æ–≤—à–µ—Å—Ç–≤ –Ω–∞ —Ä–∞–±–æ—Ç–µ.","–ü–æ–∂–∞–ª—É–π—Å—Ç–∞, –æ—Ç–≤–µ—Ç—å—Ç–µ —Å–æ–≥–ª–∞—Å–Ω—ã –ª–∏ –í—ã —Å —ç—Ç–∏–º–∏ —É—Ç–≤–µ—Ä–∂–¥–µ–Ω–∏—è–º–∏ / –Ø –∏—â—É –∏ –æ–±–µ—Å–ø–µ—á–∏–≤–∞—é —Ñ–∏–Ω–∞–Ω—Å–∏—Ä–æ–≤–∞–Ω–∏–µ, –Ω–µ–æ–±—Ö–æ–¥–∏–º–æ–µ –¥–ª—è —Ä–µ–∞–ª–∏–∑–∞—Ü–∏–∏ –Ω–æ–≤—à–µ—Å—Ç–≤ –Ω–∞ —Ä–∞–±–æ—Ç–µ.","–ü–æ–∂–∞–ª—É–π—Å—Ç–∞, –æ—Ç–≤–µ—Ç—å—Ç–µ —Å–æ–≥–ª–∞—Å–Ω—ã –ª–∏ –í—ã —Å —ç—Ç–∏–º–∏ —É—Ç–≤–µ—Ä–∂–¥–µ–Ω–∏—è–º–∏ / –î–ª—è —Ä–µ–∞–ª–∏–∑–∞—Ü–∏–∏ –Ω–æ–≤—ã—Ö –∏–¥–µ–π —è –∏—â—É –Ω–æ–≤—ã–µ —Ç–µ—Ö–Ω–æ–ª–æ–≥–∏–∏, –ø—Ä–æ—Ü–µ—Å—Å—ã –∏–ª–∏ –ø—Ä–æ—Ü–µ–¥—É—Ä—ã.","–ü–æ–∂–∞–ª—É–π—Å—Ç–∞, –æ—Ç–≤–µ—Ç—å—Ç–µ —Å–æ–≥–ª–∞—Å–Ω—ã –ª–∏ –í—ã —Å —ç—Ç–∏–º–∏ —É—Ç–≤–µ—Ä–∂–¥–µ–Ω–∏—è–º–∏ / –ö–æ–≥–¥–∞ –≤–æ –≤—Ä–µ–º—è —Ä–µ–∞–ª–∏–∑–∞—Ü–∏–∏ –≤–æ–∑–Ω–∏–∫–∞—é—Ç –ø—Ä–æ–±–ª–µ–º—ã, —è –ø–µ—Ä–µ–¥–∞—é –∏—Ö —Ç–µ–º, –∫—Ç–æ –º–æ–∂–µ—Ç –∏—Ö —Ä–µ—à–∏—Ç—å.","–ü–æ–∂–∞–ª—É–π—Å—Ç–∞, –æ—Ç–≤–µ—Ç—å—Ç–µ —Å–æ–≥–ª–∞—Å–Ω—ã –ª–∏ –í—ã —Å —ç—Ç–∏–º–∏ —É—Ç–≤–µ—Ä–∂–¥–µ–Ω–∏—è–º–∏ / –Ø —Å—Ç–∞—Ä–∞—é—Å—å –≤–æ–≤–ª–µ—á—å –∫–ª—é—á–µ–≤—ã—Ö –ª–∏—Ü, –ø—Ä–∏–Ω–∏–º–∞—é—â–∏—Ö —Ä–µ—à–µ–Ω–∏—è, –≤ —Ä–µ–∞–ª–∏–∑–∞—Ü–∏—é –∏–¥–µ–∏.","–ü–æ–∂–∞–ª—É–π—Å—Ç–∞, –æ—Ç–≤–µ—Ç—å—Ç–µ —Å–æ–≥–ª–∞—Å–Ω—ã –ª–∏ –í—ã —Å —ç—Ç–∏–º–∏ —É—Ç–≤–µ—Ä–∂–¥–µ–Ω–∏—è–º–∏ / –ö–æ–≥–¥–∞ —É –º–µ–Ω—è –ø–æ—è–≤–ª—è–µ—Ç—Å—è –Ω–æ–≤–∞—è –∏–¥–µ—è, —è –∏—â—É –ª—é–¥–µ–π, –∫–æ—Ç–æ—Ä—ã–µ –º–æ–≥—É—Ç –µ—ë –ø—Ä–æ–¥–≤–∏–Ω—É—Ç—å.","–ü–æ–∂–∞–ª—É–π—Å—Ç–∞, –æ—Ç–≤–µ—Ç—å—Ç–µ —Å–æ–≥–ª–∞—Å–Ω—ã –ª–∏ –í—ã —Å —ç—Ç–∏–º–∏ —É—Ç–≤–µ—Ä–∂–¥–µ–Ω–∏—è–º–∏ / –Ø —Å–ø–æ—Å–æ–±–µ–Ω –Ω–∞—Å—Ç–æ–π—á–∏–≤–æ –ø—Ä–µ–æ–¥–æ–ª–µ–≤–∞—Ç—å –ø—Ä–µ–ø—è—Ç—Å—Ç–≤–∏—è –ø—Ä–∏ —Ä–µ–∞–ª–∏–∑–∞—Ü–∏–∏ –∏–¥–µ–∏.","–ü–æ–∂–∞–ª—É–π—Å—Ç–∞, –æ—Ç–≤–µ—Ç—å—Ç–µ —Å–æ–≥–ª–∞—Å–Ω—ã –ª–∏ –í—ã —Å —ç—Ç–∏–º–∏ —É—Ç–≤–µ—Ä–∂–¥–µ–Ω–∏—è–º–∏ / –Ø –Ω–µ —Å–¥–∞—é—Å—å, –¥–∞–∂–µ –µ—Å–ª–∏ –¥—Ä—É–≥–∏–µ –≥–æ–≤–æ—Ä—è—Ç, —á—Ç–æ —ç—Ç–æ –Ω–µ–≤–æ–∑–º–æ–∂–Ω–æ.","–ü–æ–∂–∞–ª—É–π—Å—Ç–∞, –æ—Ç–≤–µ—Ç—å—Ç–µ —Å–æ–≥–ª–∞—Å–Ω—ã –ª–∏ –í—ã —Å —ç—Ç–∏–º–∏ —É—Ç–≤–µ—Ä–∂–¥–µ–Ω–∏—è–º–∏ / –Ø –æ–±—ã—á–Ω–æ –Ω–µ –æ—Å—Ç–∞–Ω–∞–≤–ª–∏–≤–∞—é—Å—å, –ø–æ–∫–∞ –Ω–µ –¥–æ—Å—Ç–∏–≥–Ω—É —Ü–µ–ª–∏.","–ü–æ–∂–∞–ª—É–π—Å—Ç–∞, –æ—Ç–≤–µ—Ç—å—Ç–µ —Å–æ–≥–ª–∞—Å–Ω—ã –ª–∏ –í—ã —Å —ç—Ç–∏–º–∏ —É—Ç–≤–µ—Ä–∂–¥–µ–Ω–∏—è–º–∏ / –í–æ –≤—Ä–µ–º—è —Ä–µ–∞–ª–∏–∑–∞—Ü–∏–∏ –∏–¥–µ–∏ —è —Å–ø–æ—Å–æ–±–µ–Ω –Ω–∞—Å—Ç–æ–π—á–∏–≤–æ –ø—Ä–æ–¥–æ–ª–∂–∞—Ç—å, –¥–∞–∂–µ –µ—Å–ª–∏ —Ä–∞–±–æ—Ç–∞ –∏–¥—ë—Ç –ø–ª–æ—Ö–æ –≤ –¥–∞–Ω–Ω—ã–π –º–æ–º–µ–Ω—Ç.","–ü–æ–∂–∞–ª—É–π—Å—Ç–∞, –æ—Ç–≤–µ—Ç—å—Ç–µ —Å–æ–≥–ª–∞—Å–Ω—ã –ª–∏ –í—ã —Å —ç—Ç–∏–º–∏ —É—Ç–≤–µ—Ä–∂–¥–µ–Ω–∏—è–º–∏ / –ú–Ω–µ —á–∞—Å—Ç–æ —É–¥–∞–≤–∞–ª–æ—Å—å —É—Å–ø–µ—à–Ω–æ —Ä–µ–∞–ª–∏–∑–æ–≤—ã–≤–∞—Ç—å –Ω–æ–≤—à–µ—Å—Ç–≤–∞ –Ω–∞ –ø—Ä–∞–∫—Ç–∏–∫–µ.","–ü–æ–∂–∞–ª—É–π—Å—Ç–∞, –æ—Ç–≤–µ—Ç—å—Ç–µ —Å–æ–≥–ª–∞—Å–Ω—ã –ª–∏ –í—ã —Å —ç—Ç–∏–º–∏ —É—Ç–≤–µ—Ä–∂–¥–µ–Ω–∏—è–º–∏ / –ú–Ω–æ–≥–∏–µ –Ω–æ–≤—à–µ—Å—Ç–≤–∞, –∫–æ—Ç–æ—Ä—ã–µ —è –ø—Ä–∏–¥—É–º–∞–ª –∏–ª–∏ –≤–Ω–µ–¥—Ä–∏–ª, –∏—Å–ø–æ–ª—å–∑—É—é—Ç—Å—è –≤ –Ω–∞—à–µ–π –æ—Ä–≥–∞–Ω–∏–∑–∞—Ü–∏–∏.","–ü–æ–∂–∞–ª—É–π—Å—Ç–∞, –æ—Ç–≤–µ—Ç—å—Ç–µ —Å–æ–≥–ª–∞—Å–Ω—ã –ª–∏ –í—ã —Å —ç—Ç–∏–º–∏ —É—Ç–≤–µ—Ä–∂–¥–µ–Ω–∏—è–º–∏ / –ì–¥–µ –±—ã —è –Ω–∏ —Ä–∞–±–æ—Ç–∞–ª, —è –≤—Å–µ–≥–¥–∞ —á—Ç–æ-—Ç–æ —É–ª—É—á—à–∞–ª.","–ü–æ–∂–∞–ª—É–π—Å—Ç–∞, –æ—Ç–≤–µ—Ç—å—Ç–µ —Å–æ–≥–ª–∞—Å–Ω—ã –ª–∏ –í—ã —Å —ç—Ç–∏–º–∏ —É—Ç–≤–µ—Ä–∂–¥–µ–Ω–∏—è–º–∏ / –í —Ü–µ–ª–æ–º, –≤—ã –±—ã —Å–∫–∞–∑–∞–ª–∏, —á—Ç–æ –≤—ã —É–¥–æ–≤–ª–µ—Ç–≤–æ—Ä–µ–Ω—ã —Å–≤–æ–µ–π —Ä–∞–±–æ—Ç–æ–π?",–£ –º–µ–Ω—è –µ—Å—Ç—å –∂–µ–ª–∞–Ω–∏–µ –∏—Å–ø–æ–ª—å–∑–æ–≤–∞—Ç—å –º–∞–∫—Å–∏–º—É–º —Å–≤–æ–∏—Ö —Å–ø–æ—Å–æ–±–Ω–æ—Å—Ç–µ–π –Ω–∞ —Ä–∞–±–æ—Ç–µ,"–ü–æ–∂–∞–ª—É–π—Å—Ç–∞, –æ—Ç–≤–µ—Ç—å—Ç–µ —Å–æ–≥–ª–∞—Å–Ω—ã –ª–∏ –í—ã —Å —ç—Ç–∏–º–∏ —É—Ç–≤–µ—Ä–∂–¥–µ–Ω–∏—è–º–∏ / –ú–æ–π –Ω–µ–ø–æ—Å—Ä–µ–¥—Å—Ç–≤–µ–Ω–Ω—ã–π —Ä—É–∫–æ–≤–æ–¥–∏—Ç–µ–ª—å –º–æ—Ç–∏–≤–∏—Ä—É–µ—Ç –º–µ–Ω—è –ø—Ä–∏—Ö–æ–¥–∏—Ç—å –∫ –Ω–µ–º—É/–Ω–µ–π —Å –∏–¥–µ—è–º–∏ –Ω–æ–≤–æ–≤–≤–≤–µ–¥–µ–Ω–∏–π.","–ü–æ–∂–∞–ª—É–π—Å—Ç–∞, –æ—Ç–≤–µ—Ç—å—Ç–µ —Å–æ–≥–ª–∞—Å–Ω—ã –ª–∏ –í—ã —Å —ç—Ç–∏–º–∏ —É—Ç–≤–µ—Ä–∂–¥–µ–Ω–∏—è–º–∏ / –ú–æ–π –Ω–µ–ø–æ—Å—Ä–µ–¥—Å—Ç–≤–µ–Ω–Ω—ã–π —Ä—É–∫–æ–≤–æ–¥–∏—Ç–µ–ª—å –≤—Å–µ–≥–¥–∞ —Ñ–∏–Ω–∞–Ω—Å–æ–≤–æ –≤–æ–∑–Ω–∞–≥—Ä–∞–∂–¥–∞–µ—Ç –∑–∞ —Ö–æ—Ä–æ—à–∏–µ –∏–¥–µ–∏ –∏ –Ω–æ–≤—à–µ—Å—Ç–≤–∞.","–ü–æ–∂–∞–ª—É–π—Å—Ç–∞, –æ—Ç–≤–µ—Ç—å—Ç–µ —Å–æ–≥–ª–∞—Å–Ω—ã –ª–∏ –í—ã —Å —ç—Ç–∏–º–∏ —É—Ç–≤–µ—Ä–∂–¥–µ–Ω–∏—è–º–∏ / –ú–æ–π –Ω–µ–ø–æ—Å—Ä–µ–¥—Å—Ç–≤–µ–Ω–Ω—ã–π —Ä—É–∫–æ–≤–æ–¥–∏—Ç–µ–ª—å –ø–æ–¥–¥–µ—Ä–∂–∏–≤–∞–µ—Ç –º–µ–Ω—è –≤ —Ä–µ–∞–ª–∏–∑–∞—Ü–∏–∏ —Ö–æ—Ä–æ—à–∏—Ö –∏–¥–µ–π –∫–∞–∫ –º–æ–∂–Ω–æ —Å–∫–æ—Ä–µ–µ.","–ü–æ–∂–∞–ª—É–π—Å—Ç–∞, –æ—Ç–≤–µ—Ç—å—Ç–µ —Å–æ–≥–ª–∞—Å–Ω—ã –ª–∏ –í—ã —Å —ç—Ç–∏–º–∏ —É—Ç–≤–µ—Ä–∂–¥–µ–Ω–∏—è–º–∏ / –ú–æ–π –Ω–µ–ø–æ—Å—Ä–µ–¥—Å—Ç–≤–µ–Ω–Ω—ã–π —Ä—É–∫–æ–≤–æ–¥–∏—Ç–µ–ª—å —Ç–µ—Ä–ø–∏–º –∫ –æ—à–∏–±–∫–∞–º –∏ –ø—Ä–æ–º–∞—Ö–∞–º –≤–æ –≤—Ä–µ–º—è —Ä–µ–∞–ª–∏–∑–∞—Ü–∏–∏ —á–µ–≥–æ-—Ç–æ –Ω–æ–≤–æ–≥–æ.","–ü–æ–∂–∞–ª—É–π—Å—Ç–∞, –æ—Ç–≤–µ—Ç—å—Ç–µ —Å–æ–≥–ª–∞—Å–Ω—ã –ª–∏ –í—ã —Å —ç—Ç–∏–º–∏ —É—Ç–≤–µ—Ä–∂–¥–µ–Ω–∏—è–º–∏ / –ú–æ–π –Ω–µ–ø–æ—Å—Ä–µ–¥—Å—Ç–≤–µ–Ω–Ω—ã–π —Ä—É–∫–æ–≤–æ–¥–∏—Ç–µ–ª—å —Å–ø–æ—Å–æ–±–µ–Ω –ø–æ–ª—É—á–∏—Ç—å –ø–æ–¥–¥–µ—Ä–∂–∫—É –¥–ª—è –º–æ–µ–≥–æ –ø—Ä–µ–¥–ª–æ–∂–µ–Ω–∏—è –∏ –∑–∞ –ø—Ä–µ–¥–µ–ª–∞–º–∏ –Ω–∞—à–µ–≥–æ –æ—Ç–¥–µ–ª–∞.","–ü–æ–∂–∞–ª—É–π—Å—Ç–∞, –æ—Ç–≤–µ—Ç—å—Ç–µ —Å–æ–≥–ª–∞—Å–Ω—ã –ª–∏ –í—ã —Å —ç—Ç–∏–º–∏ —É—Ç–≤–µ—Ä–∂–¥–µ–Ω–∏—è–º–∏ / –°–∏—Å—Ç–µ–º–∞ –≤–æ–∑–Ω–∞–≥—Ä–∞–∂–¥–µ–Ω–∏–π –≤ –Ω–∞—à–µ–π –æ—Ä–≥–∞–Ω–∏–∑–∞—Ü–∏–∏ –º–æ—Ç–∏–≤–∏—Ä—É–µ—Ç —Å–æ—Ç—Ä—É–¥–Ω–∏–∫–æ–≤ –ø—Ä–µ–¥–ª–∞–≥–∞—Ç—å –Ω–æ–≤—à–µ—Å—Ç–≤–∞.","–ü–æ–∂–∞–ª—É–π—Å—Ç–∞, –æ—Ç–≤–µ—Ç—å—Ç–µ —Å–æ–≥–ª–∞—Å–Ω—ã –ª–∏ –í—ã —Å —ç—Ç–∏–º–∏ —É—Ç–≤–µ—Ä–∂–¥–µ–Ω–∏—è–º–∏ / –ù–∞—à–∞ –æ—Ä–≥–∞–Ω–∏–∑–∞—Ü–∏—è –≤—ã–¥–µ–ª—è–µ—Ç –¥–æ—Å—Ç–∞—Ç–æ—á–Ω—ã–µ —Ä–µ—Å—É—Ä—Å—ã –¥–ª—è –ø–æ–¥–¥–µ—Ä–∂–∫–∏ —Ä–µ–∞–ª–∏–∑–∞—Ü–∏–∏ –Ω–æ–≤—à–µ—Å—Ç–≤.","–ü–æ–∂–∞–ª—É–π—Å—Ç–∞, –æ—Ç–≤–µ—Ç—å—Ç–µ —Å–æ–≥–ª–∞—Å–Ω—ã –ª–∏ –í—ã —Å —ç—Ç–∏–º–∏ —É—Ç–≤–µ—Ä–∂–¥–µ–Ω–∏—è–º–∏ / –ù–∞—à–∞ –æ—Ä–≥–∞–Ω–∏–∑–∞—Ü–∏—è –ø—Ä–µ–¥–æ—Å—Ç–∞–≤–ª—è–µ—Ç —Å–æ—Ç—Ä—É–¥–Ω–∏–∫–∞–º –≤—Ä–µ–º—è –¥–ª—è –≤–Ω–µ–¥—Ä–µ–Ω–∏—è –∏–¥–µ–π –∏ –Ω–æ–≤—à–µ—Å—Ç–≤.","–ö–∞–∫ –≤—ã —Å—á–∏—Ç–∞–µ—Ç–µ, —á—Ç–æ –∏–∑ —ç—Ç–æ–≥–æ –±–ª–∏–∂–µ –∫ –∏—Å—Ç–∏–Ω–µ –ª—é–¥–∏ –º–æ–≥—É—Ç —Ä–∞–∑–±–æ–≥–∞—Ç–µ—Ç—å —Ç–æ–ª—å–∫–æ –∑–∞ —Å—á—ë—Ç –¥—Ä—É–≥–∏—Ö –∏–ª–∏ –±–æ–≥–∞—Ç—Å—Ç–≤–æ –º–æ–∂–µ—Ç —Ä–∞—Å—Ç–∏, —á—Ç–æ–±—ã —Ö–≤–∞—Ç–∏–ª–æ –Ω–∞ –≤—Å–µ—Ö? / –í–∞—à –æ—Ç–≤–µ—Ç",–£ –º–µ–Ω—è –µ—Å—Ç—å –≤—Å–µ —É—Å–ª–æ–≤–∏—è –∏ –≤–æ–∑–º–æ–∂–Ω–æ—Å—Ç–∏ –¥–ª—è –ø–æ–ª–Ω–æ–π —Ä–µ–∞–ª–∏–∑–∞—Ü–∏–∏ —Å–≤–æ–∏—Ö —Å–ø–æ—Å–æ–±–Ω–æ—Å—Ç–µ–π,"–ö–æ–≥–¥–∞ —è –≤–Ω–µ–¥—Ä—è—é —á—Ç–æ-—Ç–æ –Ω–æ–≤–æ–µ, —ç—Ç–æ –¥–∞–µ—Ç –º–Ω–µ / –ß—É–≤—Å—Ç–≤–æ —É–≤–∞–∂–µ–Ω–∏—è —Å–µ–±—è –∑–∞ —Ç–æ, –∫–µ–º —è–≤–ª—è—é—Å—å, –∞ –Ω–µ —Ç–æ–ª—å–∫–æ –∑–∞ —Ç–æ, —á—Ç–æ —Å–¥–µ–ª–∞–ª","–ö–æ–≥–¥–∞ —è –≤–Ω–µ–¥—Ä—è—é —á—Ç–æ-—Ç–æ –Ω–æ–≤–æ–µ, —ç—Ç–æ –¥–∞–µ—Ç –º–Ω–µ / –ß—É–≤—Å—Ç–≤–æ –±–µ–∑–æ–ø–∞—Å–Ω–æ—Å—Ç–∏, –∑–∞—â–∏—â–µ–Ω–Ω–æ—Å—Ç–∏ –∏ —É–≤–µ—Ä–µ–Ω–Ω–æ—Å—Ç–∏, —Å–≤–æ–±–æ–¥—ã –æ—Ç —É–≥—Ä–æ–∑ (–≤ —Ç–æ–º —á–∏—Å–ª–µ —Ñ–∏–∑–∏—á–µ—Å–∫–æ–π, —Ñ–∏–Ω–∞–Ω—Å–æ–≤–æ–π, —ç–º–æ—Ü–∏–æ–Ω–∞–ª—å–Ω–æ–π)","–ö–æ–≥–¥–∞ —è –≤–Ω–µ–¥—Ä—è—é —á—Ç–æ-—Ç–æ –Ω–æ–≤–æ–µ, —ç—Ç–æ –¥–∞–µ—Ç –º–Ω–µ / –¢–µ–ø–ª—ã–µ –∏–Ω–¥–∏–≤–∏–¥—É–∞–ª—å–Ω—ã–µ –ª–∏—á–Ω—ã–µ —ç–º–æ—Ü–∏–æ–Ω–∞–ª—å–Ω—ã–µ –æ—Ç–Ω–æ—à–µ–Ω–∏—è —Å –¥—Ä—É–≥–∏–º–∏ (—Å–≤—è–∑–∏, —á—É–≤—Å—Ç–≤–æ –±–ª–∏–∑–æ—Å—Ç–∏, –¥—Ä—É–∂–±—ã, –∑–∞–±–æ—Ç—ã –∏ –≤–∑–∞–∏–º–Ω–æ–π –ø–æ–¥–¥–µ—Ä–∂–∫–∏)","–ö–æ–≥–¥–∞ —è –≤–Ω–µ–¥—Ä—è—é —á—Ç–æ-—Ç–æ –Ω–æ–≤–æ–µ, —ç—Ç–æ –¥–∞–µ—Ç –º–Ω–µ / –ß—É–≤—Å—Ç–≤–æ —á—Ç–æ —è —Å–∞–º–æ—Ä–µ–∞–ª–∏–∑—É—é—Å—å –∏ –¥–æ–≤–æ–ª–µ–Ω —Å–≤–æ–µ–π –Ω–∞–ø–æ–ª–Ω–µ–Ω–Ω–æ–π —Å–º—ã—Å–ª–æ–º –∂–∏–∑–Ω—å—é","–ö–æ–≥–¥–∞ —è –≤–Ω–µ–¥—Ä—è—é —á—Ç–æ-—Ç–æ –Ω–æ–≤–æ–µ, —ç—Ç–æ –¥–∞–µ—Ç –º–Ω–µ / –†–∞–¥–æ—Å—Ç—å –æ—Ç —á—É–≤—Å—Ç–≤–∞ –¥–æ—Å—Ç–∏–∂–µ–Ω–∏—è —Ü–µ–ª–∏ –∏–ª–∏ –ø—Ä–µ–æ–¥–æ–ª–µ–Ω–∏—è —Ç—Ä—É–¥–Ω–æ—Å—Ç–∏","–ö–æ–≥–¥–∞ —è –≤–Ω–µ–¥—Ä—è—é —á—Ç–æ-—Ç–æ –Ω–æ–≤–æ–µ, —ç—Ç–æ –¥–∞–µ—Ç –º–Ω–µ / –£–≤–∞–∂–µ–Ω–∏–µ –∫–æ–ª–ª–µ–≥, –æ–Ω–∏ —Ü–µ–Ω—è—Ç –º–æ–∏ –Ω–∞–≤—ã–∫–∏, –ø—Ä–æ—Ñ–µ—Å—Å–∏–æ–Ω–∞–ª–∏–∑–º, –≤–∫–ª–∞–¥ –≤ —Ä–∞–±–æ—Ç—É, –ø—Ä–∏–∑–Ω–∞—é—Ç –∫–æ–º–ø–µ—Ç–µ–Ω—Ç–Ω–æ—Å—Ç—å, –æ—Ç–≤–µ—Ç—Å—Ç–≤–µ–Ω–Ω–æ—Å—Ç—å, —á–µ—Å—Ç–Ω–æ—Å—Ç—å","–ö–æ–≥–¥–∞ —è –≤–Ω–µ–¥—Ä—è—é —á—Ç–æ-—Ç–æ –Ω–æ–≤–æ–µ, —ç—Ç–æ –¥–∞–µ—Ç –º–Ω–µ / –û—â—É—â–µ–Ω–∏–µ —Å–µ–±—è —á–∞—Å—Ç—å—é –∫–æ–º–∞–Ω–¥—ã, –≥–¥–µ –º–µ–Ω—è —Ü–µ–Ω—è—Ç –∏ –ø—Ä–∏–Ω–∏–º–∞—é—Ç –Ω–µ —Ç–æ–ª—å–∫–æ –∑–∞ –ø—Ä–æ—Ñ–µ—Å—Å–∏–æ–Ω–∞–ª—å–Ω—ã–µ –∫–∞—á–µ—Å—Ç–≤–∞","–ö–æ–≥–¥–∞ —è –≤–Ω–µ–¥—Ä—è—é —á—Ç–æ-—Ç–æ –Ω–æ–≤–æ–µ, —ç—Ç–æ –¥–∞–µ—Ç –º–Ω–µ / –ß—É–≤—Å—Ç–≤–æ –≤–µ—Å–µ–ª—å—è, —Ä–∞–¥–æ—Å—Ç–∏ –∏ –Ω–∞—Å–ª–∞–∂–¥–µ–Ω–∏—è –∂–∏–∑–Ω—å—é","–í—ã–±–µ—Ä–∏—Ç–µ –≥–ª–∞–≤–Ω–æ–µ, —á–µ–≥–æ –±—ã –í—ã —Ö–æ—Ç–µ–ª–∏ –ø–æ–ª—É—á–∏—Ç—å –µ—â–µ –±–æ–ª—å—à–µ –∑–∞ –í–∞—à–∏ –Ω–æ–≤—à–µ—Å—Ç–≤–∞","–í–∞—à–∏ –∫–æ–º–º–µ–Ω—Ç–∞—Ä–∏–∏, –≤–æ–ø—Ä–æ—Å—ã, –ø—Ä–æ—Å—å–±—ã, –∫–æ–Ω—Ç–∞–∫—Ç–Ω—ã–µ –¥–∞–Ω–Ω—ã–µ –ø–æ –∂–µ–ª–∞–Ω–∏—é"
2015516259,2025-03-24 22:37:31,,,–ú–µ–¥–∏—Ü–∏–Ω—Å–∫–∞—è —Å–µ—Å—Ç—Ä–∞ (–ª—é–±–∞—è) –≤ —Ä–µ–Ω—Ç–≥–µ–Ω–æ–ø–µ—Ä–∞—Ü–∏–æ–Ω–Ω–æ–π,,–î–∞,–ñ–µ–Ω—Å–∫–∏–π,51,12,–ù–µ—Ç,6,–ù–µ—Ç,1,7,7,7,4,4,7,5,7,5,3,1,5,5,5,3,3,3,3,5,3,7,7,5,–î–∞,1,1,1,1,1,1,1,1,6,–ù–µ—Ç,5,0,2,1,5,1,1,5,–£–≤–∞–∂–µ–Ω–∏–µ –∫–æ–ª–ª–µ–≥ –∑–∞ —Ä–∞–±–æ—á–∏–µ –∫–∞—á–µ—Å—Ç–≤–∞,
2014829713,2025-03-24 12:12:18,,–í—Ä–∞—á-—Å–ø–µ—Ü–∏–∞–ª–∏—Å—Ç –ø–æ —Ä–µ–Ω—Ç–≥–µ–Ω—ç–Ω–¥–æ–≤–∞—Å–∫—É–ª—è—Ä–Ω—ã–º –¥–∏–∞–≥–Ω–æ—Å—Ç–∏–∫–µ –∏ –ª–µ—á–µ–Ω–∏—é (–≤–∫–ª—é—á–∞—è —ç–Ω–¥–æ–≤–∞—Å–∫—É–ª—è—Ä–Ω—É—é –∞—Ä–∏—Ç–º–æ–ª–æ–≥–∏—é),,,–î–∞,–ú—É–∂—Å–∫–æ–π,38,12,–ù–µ—Ç,0,–ù–µ—Ç,7,7,7,5,6,6,7,7,7,7,1,1,6,7,7,7,7,4,3,4,3,1,5,1,–î–∞,1,1,1,3,1,1,1,1,1,–ù–µ—Ç,5,0,0,1,1,0,0,1,–ß—É–≤—Å—Ç–≤–∞ —Å–∞–º–æ—Ä–µ–∞–ª–∏–∑–∞—Ü–∏–∏,
2014854326,2025-03-24 12:28:00,,–í—Ä–∞—á-—Å–ø–µ—Ü–∏–∞–ª–∏—Å—Ç –ø–æ —Ä–µ–Ω—Ç–≥–µ–Ω—ç–Ω–¥–æ–≤–∞—Å–∫—É–ª—è—Ä–Ω—ã–º –¥–∏–∞–≥–Ω–æ—Å—Ç–∏–∫–µ –∏ –ª–µ—á–µ–Ω–∏—é (–≤–∫–ª—é—á–∞—è —ç–Ω–¥–æ–≤–∞—Å–∫—É–ª—è—Ä–Ω—É—é –∞—Ä–∏—Ç–º–æ–ª–æ–≥–∏—é),,,–î–∞,–ú—É–∂—Å–∫–æ–π,41,17,–ù–µ—Ç,0,–î–∞,6,4,4,6,5,5,4,4,5,4,2,2,4,4,4,4,4,3,3,4,5,4,4,5,–î–∞,4,1,4,4,5,1,3,4,3,–ù–µ—Ç,4,0,3,4,4,1,2,3,–ë–µ–∑–æ–ø–∞—Å–Ω–æ—Å—Ç–∏ –∏ –¥–µ–Ω–µ–≥,–ü–æ –ø–æ—Å–ª–µ–¥–Ω–µ–º—É –≤–æ–ø—Ä–æ—Å—É: —è –≤–Ω–µ–¥—Ä—è—é –Ω–æ–≤—à–µ—Å—Ç–≤–∞ —á—Ç–æ–±—ã —Ä–∞–±–æ—Ç–∞ –±—ã–ª–∞ –ª–µ–≥—á–µ –∏ –≤—ã–ø–æ–ª–Ω–µ–Ω–∞ –∫–∞—á–µ—Å—Ç–≤–µ–Ω–Ω–µ–µ.
2014876884,2025-03-24 12:42:47,,–í—Ä–∞—á-—Å–ø–µ—Ü–∏–∞–ª–∏—Å—Ç –ø–æ —Ä–µ–Ω—Ç–≥–µ–Ω—ç–Ω–¥–æ–≤–∞—Å–∫—É–ª—è—Ä–Ω—ã–º –¥–∏–∞–≥–Ω–æ—Å—Ç–∏–∫–µ –∏ –ª–µ—á–µ–Ω–∏—é (–≤–∫–ª—é—á–∞—è —ç–Ω–¥–æ–≤–∞—Å–∫—É–ª—è—Ä–Ω—É—é –∞—Ä–∏—Ç–º–æ–ª–æ–≥–∏—é),,,–î–∞,–ú—É–∂—Å–∫–æ–π,27,3,–ù–µ—Ç,0,–ù–µ—Ç,2,5,7,7,6,7,6,7,6,3,2,1,4,4,5,3,3,3,3,2,3,1,5,5,–î–∞,5,1,4,5,4,1,1,2,4,–ù–µ—Ç,4,3,5,4,4,3,4,5,–ß—É–≤—Å—Ç–≤–∞ —Å–∞–º–æ—Ä–µ–∞–ª–∏–∑–∞—Ü–∏–∏,
2014882597,2025-03-24 12:46:25,–†—É–∫–æ–≤–æ–¥–∏—Ç–µ–ª—å –≤—Ä–∞—á–∞–º–∏ –∏–ª–∏ —Å–µ—Å—Ç—Ä–∞–º–∏ –∑–∞–Ω–∏–º–∞—é—â–∏–º–∏—Å—è —Ä–µ–Ω—Ç–≥–µ–Ω—ç–Ω–¥–æ–≤–∞—Å–∫—É–ª—è—Ä–Ω—ã–º–∏ –ø—Ä–æ—Ü–µ–¥—É—Ä–∞–º–∏,,,,–î–∞,–ú—É–∂—Å–∫–æ–π,43,18,–ö–∞–Ω–¥–∏–¥–∞—Ç –Ω–∞—É–∫,5,–î–∞,6,5,6,7,7,6,6,7,6,6,6,5,5,6,6,5,6,6,5,5,5,6,6,6,–î–∞,6,4,5,5,5,5,5,4,3,–ù–µ—Ç,4,3,2,1,3,2,0,1,–†–∞–¥–æ—Å—Ç–∏ –¥–æ—Å—Ç–∏–∂–µ–Ω–∏–π,
2014901083,2025-03-24 12:58:16,,–í—Ä–∞—á-—Å–ø–µ—Ü–∏–∞–ª–∏—Å—Ç –ø–æ —Ä–µ–Ω—Ç–≥–µ–Ω—ç–Ω–¥–æ–≤–∞—Å–∫—É–ª—è—Ä–Ω—ã–º –¥–∏–∞–≥–Ω–æ—Å—Ç–∏–∫–µ –∏ –ª–µ—á–µ–Ω–∏—é (–≤–∫–ª—é—á–∞—è —ç–Ω–¥–æ–≤–∞—Å–∫—É–ª—è—Ä–Ω—É—é –∞—Ä–∏—Ç–º–æ–ª–æ–≥–∏—é),,,–î–∞,–ú—É–∂—Å–∫–æ–π,29,3,–ù–µ—Ç,0,–î–∞,3,6,6,7,7,7,5,5,6,6,6,5,6,6,6,5,3,4,3,5,5,5,4,6,–î–∞,5,4,4,5,6,5,3,2,3,–ù–µ—Ç,4,1,2,3,4,2,4,3,–ß—É–≤—Å—Ç–≤–∞ —Å–∞–º–æ—Ä–µ–∞–ª–∏–∑–∞—Ü–∏–∏,
2014918912,2025-03-24 13:09:27,–†—É–∫–æ–≤–æ–¥–∏—Ç–µ–ª—å –≤—Ä–∞—á–∞–º–∏ –∏–ª–∏ —Å–µ—Å—Ç—Ä–∞–º–∏ –∑–∞–Ω–∏–º–∞—é—â–∏–º–∏—Å—è —Ä–µ–Ω—Ç–≥–µ–Ω—ç–Ω–¥–æ–≤–∞—Å–∫—É–ª—è—Ä–Ω—ã–º–∏ –ø—Ä–æ—Ü–µ–¥—É—Ä–∞–º–∏,–í—Ä–∞—á-—Å–ø–µ—Ü–∏–∞–ª–∏—Å—Ç –ø–æ —Ä–µ–Ω—Ç–≥–µ–Ω—ç–Ω–¥–æ–≤–∞—Å–∫—É–ª—è—Ä–Ω—ã–º –¥–∏–∞–≥–Ω–æ—Å—Ç–∏–∫–µ –∏ –ª–µ—á–µ–Ω–∏—é (–≤–∫–ª—é—á–∞—è —ç–Ω–¥–æ–≤–∞—Å–∫—É–ª—è—Ä–Ω—É—é –∞—Ä–∏—Ç–º–æ–ª–æ–≥–∏—é),,,–î–∞,–ú—É–∂—Å–∫–æ–π,26,1,–ù–µ—Ç,1,–î–∞,6,6,6,7,7,7,6,6,6,6,4,3,6,4,6,6,6,4,4,6,5,5,5,4,–î–∞,6,3,5,6,6,2,2,1,3,–ù–µ—Ç,5,3,5,5,5,4,4,4,–°–∞–º–æ—É–≤–∞–∂–µ–Ω–∏—è,
2014934800,2025-03-24 13:19:21,,–í—Ä–∞—á-—Å–ø–µ—Ü–∏–∞–ª–∏—Å—Ç –ø–æ —Ä–µ–Ω—Ç–≥–µ–Ω—ç–Ω–¥–æ–≤–∞—Å–∫—É–ª—è—Ä–Ω—ã–º –¥–∏–∞–≥–Ω–æ—Å—Ç–∏–∫–µ –∏ –ª–µ—á–µ–Ω–∏—é (–≤–∫–ª—é—á–∞—è —ç–Ω–¥–æ–≤–∞—Å–∫—É–ª—è—Ä–Ω—É—é –∞—Ä–∏—Ç–º–æ–ª–æ–≥–∏—é),,,–î–∞,–ú—É–∂—Å–∫–æ–π,34,8,–ù–µ—Ç,0,–ù–µ—Ç,6,6,7,7,7,7,7,7,7,7,5,1,7,5,5,5,5,5,6,5,6,5,5,4,–î–∞,1,1,1,1,1,1,1,1,6,–ù–µ—Ç,5,4,4,4,5,5,5,5,–ß—É–≤—Å—Ç–≤–∞ —Å–∞–º–æ—Ä–µ–∞–ª–∏–∑–∞—Ü–∏–∏,
2014949716,2025-03-24 13:28:33,,–í—Ä–∞—á-—Å–ø–µ—Ü–∏–∞–ª–∏—Å—Ç –ø–æ —Ä–µ–Ω—Ç–≥–µ–Ω—ç–Ω–¥–æ–≤–∞—Å–∫—É–ª—è—Ä–Ω—ã–º –¥–∏–∞–≥–Ω–æ—Å—Ç–∏–∫–µ –∏ –ª–µ—á–µ–Ω–∏—é (–≤–∫–ª—é—á–∞—è —ç–Ω–¥–æ–≤–∞—Å–∫—É–ª—è—Ä–Ω—É—é –∞—Ä–∏—Ç–º–æ–ª–æ–≥–∏—é),,,–î–∞,–ú—É–∂—Å–∫–æ–π,42,11,–ù–µ—Ç,0,–ù–µ—Ç,6,5,5,6,4,5,6,7,6,5,6,4,4,4,6,5,5,5,5,5,4,3,3,5,–î–∞,3,5,5,4,6,6,4,3,4,–î–∞,4,4,2,3,3,2,3,1,–ë–µ–∑–æ–ø–∞—Å–Ω–æ—Å—Ç–∏ –∏ –¥–µ–Ω–µ–≥,
2014969808,2025-03-24 13:41:00,,–í—Ä–∞—á-—Å–ø–µ—Ü–∏–∞–ª–∏—Å—Ç –ø–æ —Ä–µ–Ω—Ç–≥–µ–Ω—ç–Ω–¥–æ–≤–∞—Å–∫—É–ª—è—Ä–Ω—ã–º –¥–∏–∞–≥–Ω–æ—Å—Ç–∏–∫–µ –∏ –ª–µ—á–µ–Ω–∏—é (–≤–∫–ª—é—á–∞—è —ç–Ω–¥–æ–≤–∞—Å–∫—É–ª—è—Ä–Ω—É—é –∞—Ä–∏—Ç–º–æ–ª–æ–≥–∏—é),,,–î–∞,–ú—É–∂—Å–∫–æ–π,27,4,–ù–µ—Ç,0,–ù–µ—Ç,3,6,3,3,7,7,3,2,4,3,3,3,3,2,2,2,2,3,3,2,1,1,4,3,–î–∞,1,1,1,1,1,1,1,1,6,–ù–µ—Ç,0,0,0,0,0,0,0,0,–ë–µ–∑–æ–ø–∞—Å–Ω–æ—Å—Ç–∏ –∏ –¥–µ–Ω–µ–≥,
2015010902,2025-03-24 14:07:12,,–í—Ä–∞—á-—Å–ø–µ—Ü–∏–∞–ª–∏—Å—Ç –ø–æ —Ä–µ–Ω—Ç–≥–µ–Ω—ç–Ω–¥–æ–≤–∞—Å–∫—É–ª—è—Ä–Ω—ã–º –¥–∏–∞–≥–Ω–æ—Å—Ç–∏–∫–µ –∏ –ª–µ—á–µ–Ω–∏—é (–≤–∫–ª—é—á–∞—è —ç–Ω–¥–æ–≤–∞—Å–∫—É–ª—è—Ä–Ω—É—é –∞—Ä–∏—Ç–º–æ–ª–æ–≥–∏—é),,,–î–∞,–ú—É–∂—Å–∫–æ–π,31,7,–ù–µ—Ç,0,–ù–µ—Ç,5,5,6,6,6,6,4,4,6,6,4,6,6,6,6,6,6,5,6,6,6,4,3,6,–î–∞,5,1,6,6,6,1,1,4,1,–ù–µ—Ç,4,2,3,3,4,4,4,4,–ë–µ–∑–æ–ø–∞—Å–Ω–æ—Å—Ç–∏ –∏ –¥–µ–Ω–µ–≥,
2015015077,2025-03-24 14:09:55,,,–ú–µ–¥–∏—Ü–∏–Ω—Å–∫–∞—è —Å–µ—Å—Ç—Ä–∞ (–ª—é–±–∞—è) –≤ —Ä–µ–Ω—Ç–≥–µ–Ω–æ–ø–µ—Ä–∞—Ü–∏–æ–Ω–Ω–æ–π,,–î–∞,–ñ–µ–Ω—Å–∫–∏–π,49,2,–ù–µ—Ç,0,–î–∞,3,3,7,7,7,7,5,7,7,7,3,1,1,7,7,7,7,7,7,7,5,3,4,7,–î–∞,7,7,7,7,7,7,7,7,6,–î–∞,5,5,5,5,5,5,5,5,–†–∞–¥–æ—Å—Ç–∏ –¥–æ—Å—Ç–∏–∂–µ–Ω–∏–π,
2015044285,2025-03-24 14:29:06,–†—É–∫–æ–≤–æ–¥–∏—Ç–µ–ª—å –≤—Ä–∞—á–∞–º–∏ –∏–ª–∏ —Å–µ—Å—Ç—Ä–∞–º–∏ –∑–∞–Ω–∏–º–∞—é—â–∏–º–∏—Å—è —Ä–µ–Ω—Ç–≥–µ–Ω—ç–Ω–¥–æ–≤–∞—Å–∫—É–ª—è—Ä–Ω—ã–º–∏ –ø—Ä–æ—Ü–µ–¥—É—Ä–∞–º–∏,,,,–î–∞,–ú—É–∂—Å–∫–æ–π,59,20,–ù–µ—Ç,1,–ù–µ—Ç,5,6,5,7,6,6,6,4,5,4,4,1,3,3,3,3,2,5,4,3,4,5,7,3,–î–∞,1,1,1,1,1,1,1,1,6,–ù–µ—Ç,1,1,4,4,4,2,2,4,–ß—É–≤—Å—Ç–≤–∞ —Å–∞–º–æ—Ä–µ–∞–ª–∏–∑–∞—Ü–∏–∏,
2015052290,2025-03-24 14:34:22,–†—É–∫–æ–≤–æ–¥–∏—Ç–µ–ª—å –≤—Ä–∞—á–∞–º–∏ –∏–ª–∏ —Å–µ—Å—Ç—Ä–∞–º–∏ –∑–∞–Ω–∏–º–∞—é—â–∏–º–∏—Å—è —Ä–µ–Ω—Ç–≥–µ–Ω—ç–Ω–¥–æ–≤–∞—Å–∫—É–ª—è—Ä–Ω—ã–º–∏ –ø—Ä–æ—Ü–µ–¥—É—Ä–∞–º–∏,,,,–î–∞,–ú—É–∂—Å–∫–æ–π,36,13,–ù–µ—Ç,3,–ù–µ—Ç,7,7,7,7,7,7,7,7,7,7,5,7,7,3,7,7,5,5,6,5,7,6,6,7,–î–∞,4,4,2,5,7,3,4,2,6,–î–∞,5,5,5,5,5,5,5,5,–ë—ã—Ç—å –ø—Ä–∏–Ω—è—Ç—ã–º –∫–æ–º–∞–Ω–¥–æ–π –Ω–µ —Ç–æ–ª—å–∫–æ –∑–∞ —Ä–∞–±–æ—á–∏–µ –∫–∞—á–µ—Å—Ç–≤–∞,
2015071714,2025-03-24 14:48:36,,–í—Ä–∞—á-—Å–ø–µ—Ü–∏–∞–ª–∏—Å—Ç –ø–æ —Ä–µ–Ω—Ç–≥–µ–Ω—ç–Ω–¥–æ–≤–∞—Å–∫—É–ª—è—Ä–Ω—ã–º –¥–∏–∞–≥–Ω–æ—Å—Ç–∏–∫–µ –∏ –ª–µ—á–µ–Ω–∏—é (–≤–∫–ª—é—á–∞—è —ç–Ω–¥–æ–≤–∞—Å–∫—É–ª—è—Ä–Ω—É—é –∞—Ä–∏—Ç–º–æ–ª–æ–≥–∏—é),,,–î–∞,–ú—É–∂—Å–∫–æ–π,44,18,–ö–∞–Ω–¥–∏–¥–∞—Ç –Ω–∞—É–∫,0,–ù–µ—Ç,5,5,4,7,7,6,5,7,5,3,4,1,1,5,7,4,3,3,3,4,4,3,3,3,–î–∞,5,4,4,4,5,2,2,3,4,–ù–µ—Ç,1,1,1,4,3,3,2,2,–ë–µ–∑–æ–ø–∞—Å–Ω–æ—Å—Ç–∏ –∏ –¥–µ–Ω–µ–≥,
2015071962,2025-03-24 14:48:48,,,–ú–µ–¥–∏—Ü–∏–Ω—Å–∫–∞—è —Å–µ—Å—Ç—Ä–∞ (–ª—é–±–∞—è) –≤ —Ä–µ–Ω—Ç–≥–µ–Ω–æ–ø–µ—Ä–∞—Ü–∏–æ–Ω–Ω–æ–π,,–î–∞,–ñ–µ–Ω—Å–∫–∏–π,32,1,–ù–µ—Ç,0,–î–∞,3,6,7,7,7,7,7,7,7,7,1,1,7,7,7,7,4,5,6,7,5,4,5,7,–î–∞,7,7,7,7,7,7,7,7,6,–î–∞,5,5,5,5,5,5,5,5,–£–≤–∞–∂–µ–Ω–∏–µ –∫–æ–ª–ª–µ–≥ –∑–∞ —Ä–∞–±–æ—á–∏–µ –∫–∞—á–µ—Å—Ç–≤–∞,
2015073360,2025-03-24 14:49:57,,,–ú–µ–¥–∏—Ü–∏–Ω—Å–∫–∞—è —Å–µ—Å—Ç—Ä–∞ (–ª—é–±–∞—è) –≤ —Ä–µ–Ω—Ç–≥–µ–Ω–æ–ø–µ—Ä–∞—Ü–∏–æ–Ω–Ω–æ–π,,–î–∞,–ñ–µ–Ω—Å–∫–∏–π,37,6,–ù–µ—Ç,0,–î–∞,5,3,5,6,6,6,3,3,3,4,4,4,4,4,4,4,4,4,4,4,4,4,4,4,–î–∞,5,3,4,5,3,4,4,4,3,–î–∞,4,3,3,4,4,3,3,3,–ë–µ–∑–æ–ø–∞—Å–Ω–æ—Å—Ç–∏ –∏ –¥–µ–Ω–µ–≥,
2015081812,2025-03-24 14:56:48,,–í—Ä–∞—á-—Å–ø–µ—Ü–∏–∞–ª–∏—Å—Ç –ø–æ —Ä–µ–Ω—Ç–≥–µ–Ω—ç–Ω–¥–æ–≤–∞—Å–∫—É–ª—è—Ä–Ω—ã–º –¥–∏–∞–≥–Ω–æ—Å—Ç–∏–∫–µ –∏ –ª–µ—á–µ–Ω–∏—é (–≤–∫–ª—é—á–∞—è —ç–Ω–¥–æ–≤–∞—Å–∫—É–ª—è—Ä–Ω—É—é –∞—Ä–∏—Ç–º–æ–ª–æ–≥–∏—é),,,–î–∞,–ú—É–∂—Å–∫–æ–π,40,3,–ù–µ—Ç,0,–ù–µ—Ç,5,5,5,7,7,7,6,6,6,5,5,5,5,5,7,6,5,5,6,6,6,5,6,7,–î–∞,5,1,5,5,5,1,2,3,5,–î–∞,2,2,5,5,5,2,2,4,–†–∞–¥–æ—Å—Ç–∏ –¥–æ—Å—Ç–∏–∂–µ–Ω–∏–π,
2015090371,2025-03-24 15:03:35,,–í—Ä–∞—á-—Å–ø–µ—Ü–∏–∞–ª–∏—Å—Ç –ø–æ —Ä–µ–Ω—Ç–≥–µ–Ω—ç–Ω–¥–æ–≤–∞—Å–∫—É–ª—è—Ä–Ω—ã–º –¥–∏–∞–≥–Ω–æ—Å—Ç–∏–∫–µ –∏ –ª–µ—á–µ–Ω–∏—é (–≤–∫–ª—é—á–∞—è —ç–Ω–¥–æ–≤–∞—Å–∫—É–ª—è—Ä–Ω—É—é –∞—Ä–∏—Ç–º–æ–ª–æ–≥–∏—é),,,–î–∞,–ú—É–∂—Å–∫–æ–π,49,24,–ù–µ—Ç,0,–ù–µ—Ç,7,7,7,7,7,7,7,5,7,5,5,1,5,1,1,1,7,7,7,7,5,4,7,5,–î–∞,2,1,2,5,4,1,1,1,6,–ù–µ—Ç,4,3,5,4,5,4,4,4,–†–∞–¥–æ—Å—Ç–∏ –¥–æ—Å—Ç–∏–∂–µ–Ω–∏–π,
2015090597,2025-03-24 15:03:45,,–í—Ä–∞—á-—Å–ø–µ—Ü–∏–∞–ª–∏—Å—Ç –ø–æ —Ä–µ–Ω—Ç–≥–µ–Ω—ç–Ω–¥–æ–≤–∞—Å–∫—É–ª—è—Ä–Ω—ã–º –¥–∏–∞–≥–Ω–æ—Å—Ç–∏–∫–µ –∏ –ª–µ—á–µ–Ω–∏—é (–≤–∫–ª—é—á–∞—è —ç–Ω–¥–æ–≤–∞—Å–∫—É–ª—è—Ä–Ω—É—é –∞—Ä–∏—Ç–º–æ–ª–æ–≥–∏—é),,,–î–∞,–ú—É–∂—Å–∫–æ–π,49,24,–ù–µ—Ç,0,–ù–µ—Ç,7,7,7,7,7,7,7,5,7,5,5,1,5,1,1,1,7,7,7,7,5,4,7,5,–î–∞,2,1,2,5,4,1,1,1,6,–ù–µ—Ç,4,3,5,4,5,4,4,4,–†–∞–¥–æ—Å—Ç–∏ –¥–æ—Å—Ç–∏–∂–µ–Ω–∏–π,
2015101576,2025-03-24 15:12:36,–†—É–∫–æ–≤–æ–¥–∏—Ç–µ–ª—å –≤—Ä–∞—á–∞–º–∏ –∏–ª–∏ —Å–µ—Å—Ç—Ä–∞–º–∏ –∑–∞–Ω–∏–º–∞—é—â–∏–º–∏—Å—è —Ä–µ–Ω—Ç–≥–µ–Ω—ç–Ω–¥–æ–≤–∞—Å–∫—É–ª—è—Ä–Ω—ã–º–∏ –ø—Ä–æ—Ü–µ–¥—É—Ä–∞–º–∏,,,,–î–∞,–ú—É–∂—Å–∫–æ–π,36,4,–ù–µ—Ç,3,–î–∞,7,5,7,7,7,7,7,7,7,7,5,7,7,1,7,7,7,7,5,7,7,5,4,6,–î–∞,4,4,7,7,7,1,1,1,6,–ù–µ—Ç,3,3,5,3,5,5,5,5,–†–∞–¥–æ—Å—Ç–∏ –¥–æ—Å—Ç–∏–∂–µ–Ω–∏–π,
2015111949,2025-03-24 15:21:08,,–í—Ä–∞—á-—Å–ø–µ—Ü–∏–∞–ª–∏—Å—Ç –ø–æ —Ä–µ–Ω—Ç–≥–µ–Ω—ç–Ω–¥–æ–≤–∞—Å–∫—É–ª—è—Ä–Ω—ã–º –¥–∏–∞–≥–Ω–æ—Å—Ç–∏–∫–µ –∏ –ª–µ—á–µ–Ω–∏—é (–≤–∫–ª—é—á–∞—è —ç–Ω–¥–æ–≤–∞—Å–∫—É–ª—è—Ä–Ω—É—é –∞—Ä–∏—Ç–º–æ–ª–æ–≥–∏—é),,,–î–∞,–ú—É–∂—Å–∫–æ–π,29,3,–ù–µ—Ç,0,–ù–µ—Ç,4,4,7,7,7,7,5,4,4,5,3,3,3,3,3,4,3,5,5,5,5,5,5,4,–î–∞,2,3,2,7,5,2,3,3,2,–î–∞,2,1,2,3,3,3,3,3,–ë–µ–∑–æ–ø–∞—Å–Ω–æ—Å—Ç–∏ –∏ –¥–µ–Ω–µ–≥,
2015112136,2025-03-24 15:21:17,,–í—Ä–∞—á-—Å–ø–µ—Ü–∏–∞–ª–∏—Å—Ç –ø–æ —Ä–µ–Ω—Ç–≥–µ–Ω—ç–Ω–¥–æ–≤–∞—Å–∫—É–ª—è—Ä–Ω—ã–º –¥–∏–∞–≥–Ω–æ—Å—Ç–∏–∫–µ –∏ –ª–µ—á–µ–Ω–∏—é (–≤–∫–ª—é—á–∞—è —ç–Ω–¥–æ–≤–∞—Å–∫—É–ª—è—Ä–Ω—É—é –∞—Ä–∏—Ç–º–æ–ª–æ–≥–∏—é),,,–î–∞,–ú—É–∂—Å–∫–æ–π,37,12,–ù–µ—Ç,0,–î–∞,7,7,7,7,7,7,7,7,7,7,7,5,7,4,7,7,7,7,7,7,7,7,1,7,–î–∞,7,7,7,7,7,4,7,7,1,–ù–µ—Ç,5,2,5,5,5,5,5,5,–ß—É–≤—Å—Ç–≤–∞ —Å–∞–º–æ—Ä–µ–∞–ª–∏–∑–∞—Ü–∏–∏,
2015125727,2025-03-24 15:32:10,,–í—Ä–∞—á-—Å–ø–µ—Ü–∏–∞–ª–∏—Å—Ç –ø–æ —Ä–µ–Ω—Ç–≥–µ–Ω—ç–Ω–¥–æ–≤–∞—Å–∫—É–ª—è—Ä–Ω—ã–º –¥–∏–∞–≥–Ω–æ—Å—Ç–∏–∫–µ –∏ –ª–µ—á–µ–Ω–∏—é (–≤–∫–ª—é—á–∞—è —ç–Ω–¥–æ–≤–∞—Å–∫—É–ª—è—Ä–Ω—É—é –∞—Ä–∏—Ç–º–æ–ª–æ–≥–∏—é),,,–î–∞,–ú—É–∂—Å–∫–æ–π,30,5,–ù–µ—Ç,0,–î–∞,3,4,7,7,2,3,1,1,2,1,1,1,1,1,1,1,3,3,6,4,3,1,1,5,–î–∞,1,1,1,1,1,1,1,1,1,–ù–µ—Ç,0,5,5,5,5,5,5,5,–ë–µ–∑–æ–ø–∞—Å–Ω–æ—Å—Ç–∏ –∏ –¥–µ–Ω–µ–≥,
2015129938,2025-03-24 15:35:34,,–í—Ä–∞—á-—Å–ø–µ—Ü–∏–∞–ª–∏—Å—Ç –ø–æ —Ä–µ–Ω—Ç–≥–µ–Ω—ç–Ω–¥–æ–≤–∞—Å–∫—É–ª—è—Ä–Ω—ã–º –¥–∏–∞–≥–Ω–æ—Å—Ç–∏–∫–µ –∏ –ª–µ—á–µ–Ω–∏—é (–≤–∫–ª—é—á–∞—è —ç–Ω–¥–æ–≤–∞—Å–∫—É–ª—è—Ä–Ω—É—é –∞—Ä–∏—Ç–º–æ–ª–æ–≥–∏—é),,,–î–∞,–ú—É–∂—Å–∫–æ–π,36,10,–ö–∞–Ω–¥–∏–¥–∞—Ç –Ω–∞—É–∫,0,–ù–µ—Ç,3,7,7,7,5,7,7,7,7,7,7,7,7,7,4,7,6,7,5,4,6,7,7,2,–î–∞,2,1,3,1,1,1,1,2,6,–î–∞,5,5,5,5,5,5,5,5,–ß—É–≤—Å—Ç–≤–∞ —Å–∞–º–æ—Ä–µ–∞–ª–∏–∑–∞—Ü–∏–∏,
2015223566,2025-03-24 16:54:49,–†—É–∫–æ–≤–æ–¥–∏—Ç–µ–ª—å –≤—Ä–∞—á–∞–º–∏ –∏–ª–∏ —Å–µ—Å—Ç—Ä–∞–º–∏ –∑–∞–Ω–∏–º–∞—é—â–∏–º–∏—Å—è —Ä–µ–Ω—Ç–≥–µ–Ω—ç–Ω–¥–æ–≤–∞—Å–∫—É–ª—è—Ä–Ω—ã–º–∏ –ø—Ä–æ—Ü–µ–¥—É—Ä–∞–º–∏,,,,–î–∞,–ú—É–∂—Å–∫–æ–π,41,16,–ù–µ—Ç,5,–ù–µ—Ç,6,7,7,7,7,7,7,6,7,7,7,7,7,7,7,7,6,7,7,7,6,6,6,5,–î–∞,5,5,5,3,4,3,3,3,3,–î–∞,5,5,4,5,5,5,5,5,–ß—É–≤—Å—Ç–≤–∞ —Å–∞–º–æ—Ä–µ–∞–ª–∏–∑–∞—Ü–∏–∏,
2015225278,2025-03-24 16:56:14,,–í—Ä–∞—á-—Å–ø–µ—Ü–∏–∞–ª–∏—Å—Ç –ø–æ —Ä–µ–Ω—Ç–≥–µ–Ω—ç–Ω–¥–æ–≤–∞—Å–∫—É–ª—è—Ä–Ω—ã–º –¥–∏–∞–≥–Ω–æ—Å—Ç–∏–∫–µ –∏ –ª–µ—á–µ–Ω–∏—é (–≤–∫–ª—é—á–∞—è —ç–Ω–¥–æ–≤–∞—Å–∫—É–ª—è—Ä–Ω—É—é –∞—Ä–∏—Ç–º–æ–ª–æ–≥–∏—é),,,–î–∞,–ú—É–∂—Å–∫–æ–π,28,3,–ù–µ—Ç,0,–ù–µ—Ç,5,5,6,7,6,6,6,6,6,6,6,6,6,6,6,6,6,6,6,6,6,6,6,2,–î–∞,7,4,7,6,6,3,1,1,1,–ù–µ—Ç,3,1,2,3,5,3,2,4,–°–∞–º–æ—É–≤–∞–∂–µ–Ω–∏—è,
2015200534,2025-03-24 16:34:47,,–í—Ä–∞—á-—Å–ø–µ—Ü–∏–∞–ª–∏—Å—Ç –ø–æ —Ä–µ–Ω—Ç–≥–µ–Ω—ç–Ω–¥–æ–≤–∞—Å–∫—É–ª—è—Ä–Ω—ã–º –¥–∏–∞–≥–Ω–æ—Å—Ç–∏–∫–µ –∏ –ª–µ—á–µ–Ω–∏—é (–≤–∫–ª—é—á–∞—è —ç–Ω–¥–æ–≤–∞—Å–∫—É–ª—è—Ä–Ω—É—é –∞—Ä–∏—Ç–º–æ–ª–æ–≥–∏—é),,,–î–∞,–ú—É–∂—Å–∫–æ–π,35,6,–ù–µ—Ç,0,–î–∞,7,7,7,7,7,7,7,7,7,7,7,1,7,1,7,1,7,4,7,7,7,4,7,2,–î–∞,1,1,1,1,1,1,1,1,1,–ù–µ—Ç,5,3,5,5,5,5,5,3,–ë–µ–∑–æ–ø–∞—Å–Ω–æ—Å—Ç–∏ –∏ –¥–µ–Ω–µ–≥,
2015218549,2025-03-24 16:50:16,,–í—Ä–∞—á-—Å–ø–µ—Ü–∏–∞–ª–∏—Å—Ç –ø–æ —Ä–µ–Ω—Ç–≥–µ–Ω—ç–Ω–¥–æ–≤–∞—Å–∫—É–ª—è—Ä–Ω—ã–º –¥–∏–∞–≥–Ω–æ—Å—Ç–∏–∫–µ –∏ –ª–µ—á–µ–Ω–∏—é (–≤–∫–ª—é—á–∞—è —ç–Ω–¥–æ–≤–∞—Å–∫—É–ª—è—Ä–Ω—É—é –∞—Ä–∏—Ç–º–æ–ª–æ–≥–∏—é),,,–î–∞,–ú—É–∂—Å–∫–æ–π,34,5,–ù–µ—Ç,0,–ù–µ—Ç,4,3,5,7,7,7,6,1,1,1,1,1,1,1,1,6,1,4,5,3,1,1,2,1,–î–∞,6,6,7,7,6,1,1,1,1,–ù–µ—Ç,1,0,2,3,3,4,4,4,–ë–µ–∑–æ–ø–∞—Å–Ω–æ—Å—Ç–∏ –∏ –¥–µ–Ω–µ–≥,
2015232799,2025-03-24 17:02:57,–†—É–∫–æ–≤–æ–¥–∏—Ç–µ–ª—å –≤—Ä–∞—á–∞–º–∏ –∏–ª–∏ —Å–µ—Å—Ç—Ä–∞–º–∏ –∑–∞–Ω–∏–º–∞—é—â–∏–º–∏—Å—è —Ä–µ–Ω—Ç–≥–µ–Ω—ç–Ω–¥–æ–≤–∞—Å–∫—É–ª—è—Ä–Ω—ã–º–∏ –ø—Ä–æ—Ü–µ–¥—É—Ä–∞–º–∏,,,,–î–∞,–ú—É–∂—Å–∫–æ–π,48,22,–ö–∞–Ω–¥–∏–¥–∞—Ç –Ω–∞—É–∫,8,–î–∞,7,7,7,7,7,7,7,7,7,7,7,5,7,5,7,7,5,5,5,6,7,7,5,7,–î–∞,7,5,6,5,7,5,4,6,5,–î–∞,5,4,4,5,5,5,5,5,–ß—É–≤—Å—Ç–≤–∞ —Å–∞–º–æ—Ä–µ–∞–ª–∏–∑–∞—Ü–∏–∏,
2015234505,2025-03-24 17:04:30,,–í—Ä–∞—á-—Å–ø–µ—Ü–∏–∞–ª–∏—Å—Ç –ø–æ —Ä–µ–Ω—Ç–≥–µ–Ω—ç–Ω–¥–æ–≤–∞—Å–∫—É–ª—è—Ä–Ω—ã–º –¥–∏–∞–≥–Ω–æ—Å—Ç–∏–∫–µ –∏ –ª–µ—á–µ–Ω–∏—é (–≤–∫–ª—é—á–∞—è —ç–Ω–¥–æ–≤–∞—Å–∫—É–ª—è—Ä–Ω—É—é –∞—Ä–∏—Ç–º–æ–ª–æ–≥–∏—é),,,–î–∞,–ú—É–∂—Å–∫–æ–π,34,6,–ù–µ—Ç,5,–î–∞,5,6,5,4,4,5,5,4,6,6,4,2,6,7,7,5,5,5,6,5,5,4,5,5,–î–∞,5,5,5,5,5,5,4,4,4,–ù–µ—Ç,4,4,4,4,4,4,4,4,–ß—É–≤—Å—Ç–≤–∞ —Å–∞–º–æ—Ä–µ–∞–ª–∏–∑–∞—Ü–∏–∏,
2015244665,2025-03-24 17:13:55,,–í—Ä–∞—á-—Å–ø–µ—Ü–∏–∞–ª–∏—Å—Ç –ø–æ —Ä–µ–Ω—Ç–≥–µ–Ω—ç–Ω–¥–æ–≤–∞—Å–∫—É–ª—è—Ä–Ω—ã–º –¥–∏–∞–≥–Ω–æ—Å—Ç–∏–∫–µ –∏ –ª–µ—á–µ–Ω–∏—é (–≤–∫–ª—é—á–∞—è —ç–Ω–¥–æ–≤–∞—Å–∫—É–ª—è—Ä–Ω—É—é –∞—Ä–∏—Ç–º–æ–ª–æ–≥–∏—é),,,–î–∞,–ú—É–∂—Å–∫–æ–π,40,14,–ù–µ—Ç,0,–î–∞,7,7,7,7,7,7,7,7,7,7,7,7,7,7,7,7,7,7,5,6,7,7,7,7,–î–∞,7,7,7,7,7,4,5,7,6,–î–∞,5,5,5,5,5,5,5,5,–ë–µ–∑–æ–ø–∞—Å–Ω–æ—Å—Ç–∏ –∏ –¥–µ–Ω–µ–≥,
2015246183,2025-03-24 17:15:20,,,–ú–µ–¥–∏—Ü–∏–Ω—Å–∫–∞—è —Å–µ—Å—Ç—Ä–∞ (–ª—é–±–∞—è) –≤ —Ä–µ–Ω—Ç–≥–µ–Ω–æ–ø–µ—Ä–∞—Ü–∏–æ–Ω–Ω–æ–π,,–î–∞,–ñ–µ–Ω—Å–∫–∏–π,50,33,–ù–µ—Ç,0,–î–∞,1,7,5,7,7,7,1,1,5,1,1,1,7,7,7,1,3,1,1,1,1,1,1,7,–î–∞,7,7,7,7,5,5,7,7,6,–î–∞,5,5,5,5,5,5,5,5,"–¢–µ–ø–ª—ã—Ö –æ—Ç–Ω–æ—à–µ–Ω–∏–π —Å –æ—Ç–¥–µ–ª—å–Ω—ã–º–∏ –ª—é–¥—å–º–∏ (–¥—Ä—É–∂–±–∞, –≤–∑–∞–∏–º–Ω–∞—è –ø–æ–¥–¥–µ—Ä–∂–∫–∞ –∏ —Ç.–¥.)",
2015257767,2025-03-24 17:26:00,,,–ú–µ–¥–∏—Ü–∏–Ω—Å–∫–∞—è —Å–µ—Å—Ç—Ä–∞ (–ª—é–±–∞—è) –≤ —Ä–µ–Ω—Ç–≥–µ–Ω–æ–ø–µ—Ä–∞—Ü–∏–æ–Ω–Ω–æ–π,,–î–∞,–ñ–µ–Ω—Å–∫–∏–π,53,7,–ù–µ—Ç,0,–î–∞,3,6,5,6,6,5,6,7,6,6,3,1,1,7,6,6,5,6,6,5,6,6,6,5,–î–∞,4,2,2,3,4,2,1,2,6,–ù–µ—Ç,4,3,3,3,4,4,4,3,–ë–µ–∑–æ–ø–∞—Å–Ω–æ—Å—Ç–∏ –∏ –¥–µ–Ω–µ–≥,"–£ –Ω–∞—Å –æ—Ç–ª–∏—á–Ω–∞—è –º–æ–ª–æ–¥–∞—è –ø–µ—Ä—Å–ø–µ–∫—Ç–∏–≤–Ω–∞—è –∫–æ–º–∞–Ω–¥–∞ —ç–Ω–¥–æ–≤–∞—Å–∫—É–ª—è—Ä–Ω—ã—Ö —Ö–∏—Ä—É—Ä–≥–æ–≤ –≤–æ –≥–ª–∞–≤–µ —Å —Å–∞–º—ã–º —É–º–Ω—ã–º –∑–∞–≤–µ–¥—É—é—â–∏–º –æ—Ç–¥–µ–ª–µ–Ω–∏—è –ù–∞–∑–∞—Ä–æ–≤—ã–º –ú.–í.. –ù–∞—à–µ–º—É –æ—Ç–¥–µ–ª–µ–Ω–∏—é —É–∂–µ 6 –ª–µ—Ç –∏ —Ö–æ—á–µ—Ç—Å—è –≤–µ—Ä–∏—Ç—å, —á—Ç–æ –ø—Ä–∏ –∞–±—Å–æ–ª—é—Ç–Ω–æ–π –ø–æ–¥–¥–µ—Ä–∂–∫–µ –≤—ã—à–µ—Å—Ç–æ—è—â–µ–≥–æ —Ä—É–∫–æ–≤–æ–¥—Å—Ç–≤–∞ –ì–ö–ë–£–ó 18 –≥.–£—Ñ–∞, –ø—Ä–∏ –∞–±—Å–æ–ª—é—Ç–Ω–æ–º –≤–∑–∞–∏–º–æ–ø–æ–Ω–∏–º–∞–Ω–∏–∏  –º–µ–∂–¥—É –æ—Ç–¥–µ–ª–µ–Ω–∏–µ–º –∫–∞—Ä–¥–∏–æ–ª–æ–≥–∏–∏ –∏ –û–†–ò–¢, —Ä–∞–±–æ—Ç–∞ –Ω–∞—à–µ–≥–æ  –û–†–•–ú–î –∏–õ –±—É–¥–µ—Ç –ø—Ä–∏–Ω–æ—Å–∏—Ç—å —Å–≤–æ–∏ –ø–æ–ª–æ–∂–∏—Ç–µ–ª—å–Ω—ã–µ —Ä–µ–∑—É–ª—å—Ç–∞—Ç—ã –Ω–∞ –±–ª–∞–≥–æ –Ω–∞—à–µ–≥–æ –≥–æ—Å—É–¥–∞—Ä—Å—Ç–≤–∞ –≤ –æ–∫–∞–∑–∞–Ω–∏–∏ –º–µ–¥–∏—Ü–∏–Ω—Å–∫–æ–π –ø–æ–º–æ—â–∏ –≥—Ä–∞–∂–¥–∞–Ω–∞–º –†–§. "
2015277787,2025-03-24 17:45:57,,,–ú–µ–¥–∏—Ü–∏–Ω—Å–∫–∞—è —Å–µ—Å—Ç—Ä–∞ (–ª—é–±–∞—è) –≤ —Ä–µ–Ω—Ç–≥–µ–Ω–æ–ø–µ—Ä–∞—Ü–∏–æ–Ω–Ω–æ–π,,–î–∞,–ñ–µ–Ω—Å–∫–∏–π,46,6,–ù–µ—Ç,0,–î–∞,5,5,5,7,7,7,4,7,7,7,5,1,5,7,7,7,7,7,7,5,5,5,5,7,–î–∞,7,7,7,7,7,7,7,5,6,–î–∞,5,5,5,5,5,5,5,5,–ß—É–≤—Å—Ç–≤–∞ —Å–∞–º–æ—Ä–µ–∞–ª–∏–∑–∞—Ü–∏–∏,üëçüèª
2015310542,2025-03-24 18:22:11,,–í—Ä–∞—á-—Å–ø–µ—Ü–∏–∞–ª–∏—Å—Ç –ø–æ —Ä–µ–Ω—Ç–≥–µ–Ω—ç–Ω–¥–æ–≤–∞—Å–∫—É–ª—è—Ä–Ω—ã–º –¥–∏–∞–≥–Ω–æ—Å—Ç–∏–∫–µ –∏ –ª–µ—á–µ–Ω–∏—é (–≤–∫–ª—é—á–∞—è —ç–Ω–¥–æ–≤–∞—Å–∫—É–ª—è—Ä–Ω—É—é –∞—Ä–∏—Ç–º–æ–ª–æ–≥–∏—é),,,–î–∞,–ú—É–∂—Å–∫–æ–π,40,5,–ö–∞–Ω–¥–∏–¥–∞—Ç –Ω–∞—É–∫,0,–ù–µ—Ç,3,3,5,5,6,6,5,5,5,5,3,1,1,3,3,3,6,4,4,3,4,3,2,5,–ù–µ—Ç,4,2,4,1,4,1,1,1,2,–ù–µ—Ç,5,2,3,4,4,4,4,4,–ë–µ–∑–æ–ø–∞—Å–Ω–æ—Å—Ç–∏ –∏ –¥–µ–Ω–µ–≥,
2015313923,2025-03-24 18:25:54,–†—É–∫–æ–≤–æ–¥–∏—Ç–µ–ª—å –≤—Ä–∞—á–∞–º–∏ –∏–ª–∏ —Å–µ—Å—Ç—Ä–∞–º–∏ –∑–∞–Ω–∏–º–∞—é—â–∏–º–∏—Å—è —Ä–µ–Ω—Ç–≥–µ–Ω—ç–Ω–¥–æ–≤–∞—Å–∫—É–ª—è—Ä–Ω—ã–º–∏ –ø—Ä–æ—Ü–µ–¥—É—Ä–∞–º–∏,,,,–î–∞,–ú—É–∂—Å–∫–æ–π,45,12,–ù–µ—Ç,7,–î–∞,6,7,7,7,6,6,6,5,6,7,6,6,6,5,5,6,5,6,6,5,6,5,5,6,–î–∞,5,4,5,4,6,3,3,3,6,–î–∞,4,4,4,5,5,4,4,5,–ß—É–≤—Å—Ç–≤–∞ —Å–∞–º–æ—Ä–µ–∞–ª–∏–∑–∞—Ü–∏–∏,
2015329775,2025-03-24 18:43:11,,,–ú–µ–¥–∏—Ü–∏–Ω—Å–∫–∞—è —Å–µ—Å—Ç—Ä–∞ (–ª—é–±–∞—è) –≤ —Ä–µ–Ω—Ç–≥–µ–Ω–æ–ø–µ—Ä–∞—Ü–∏–æ–Ω–Ω–æ–π,,–î–∞,–ñ–µ–Ω—Å–∫–∏–π,46,5,–ù–µ—Ç,5,–î–∞,7,2,7,7,7,7,2,2,2,2,2,2,2,7,7,3,3,3,3,3,3,3,3,7,–î–∞,7,2,2,7,2,1,1,3,1,–ù–µ—Ç,1,1,0,2,2,2,4,5,"–¢–µ–ø–ª—ã—Ö –æ—Ç–Ω–æ—à–µ–Ω–∏–π —Å –æ—Ç–¥–µ–ª—å–Ω—ã–º–∏ –ª—é–¥—å–º–∏ (–¥—Ä—É–∂–±–∞, –≤–∑–∞–∏–º–Ω–∞—è –ø–æ–¥–¥–µ—Ä–∂–∫–∞ –∏ —Ç.–¥.)",
2015332104,2025-03-24 18:45:50,,,–ú–µ–¥–∏—Ü–∏–Ω—Å–∫–∞—è —Å–µ—Å—Ç—Ä–∞ (–ª—é–±–∞—è) –≤ —Ä–µ–Ω—Ç–≥–µ–Ω–æ–ø–µ—Ä–∞—Ü–∏–æ–Ω–Ω–æ–π,,–î–∞,–ñ–µ–Ω—Å–∫–∏–π,50,11,–ù–µ—Ç,0,–ù–µ—Ç,1,5,7,7,7,7,7,4,7,6,1,1,2,1,4,4,7,6,5,6,5,2,5,4,–î–∞,6,1,1,3,3,1,1,2,5,–ù–µ—Ç,4,1,2,4,4,1,4,4,–ë–µ–∑–æ–ø–∞—Å–Ω–æ—Å—Ç–∏ –∏ –¥–µ–Ω–µ–≥,
2015389962,2025-03-24 19:51:48,,,–ú–µ–¥–∏—Ü–∏–Ω—Å–∫–∞—è —Å–µ—Å—Ç—Ä–∞ (–ª—é–±–∞—è) –≤ —Ä–µ–Ω—Ç–≥–µ–Ω–æ–ø–µ—Ä–∞—Ü–∏–æ–Ω–Ω–æ–π,,–î–∞,–ñ–µ–Ω—Å–∫–∏–π,51,9,–ù–µ—Ç,0,–î–∞,2,7,6,7,7,7,7,7,7,7,7,1,5,7,6,6,7,5,5,5,6,6,7,7,–î–∞,7,4,5,5,6,1,1,1,4,–ù–µ—Ç,4,2,4,4,5,5,5,5,–†–∞–¥–æ—Å—Ç–∏ –¥–æ—Å—Ç–∏–∂–µ–Ω–∏–π,
2015393596,2025-03-24 19:55:52,,,–ú–µ–¥–∏—Ü–∏–Ω—Å–∫–∞—è —Å–µ—Å—Ç—Ä–∞ (–ª—é–±–∞—è) –≤ —Ä–µ–Ω—Ç–≥–µ–Ω–æ–ø–µ—Ä–∞—Ü–∏–æ–Ω–Ω–æ–π,,–î–∞,–ñ–µ–Ω—Å–∫–∏–π,44,2,–ù–µ—Ç,4,–î–∞,5,4,3,7,5,5,5,5,5,7,7,7,7,7,7,7,7,5,5,5,7,5,7,5,–î–∞,7,7,7,7,7,7,7,7,6,–î–∞,5,5,5,5,5,5,5,5,"–¢–µ–ø–ª—ã—Ö –æ—Ç–Ω–æ—à–µ–Ω–∏–π —Å –æ—Ç–¥–µ–ª—å–Ω—ã–º–∏ –ª—é–¥—å–º–∏ (–¥—Ä—É–∂–±–∞, –≤–∑–∞–∏–º–Ω–∞—è –ø–æ–¥–¥–µ—Ä–∂–∫–∞ –∏ —Ç.–¥.)",
2015400049,2025-03-24 20:03:23,,,–ú–µ–¥–∏—Ü–∏–Ω—Å–∫–∞—è —Å–µ—Å—Ç—Ä–∞ (–ª—é–±–∞—è) –≤ —Ä–µ–Ω—Ç–≥–µ–Ω–æ–ø–µ—Ä–∞—Ü–∏–æ–Ω–Ω–æ–π,,–î–∞,–ñ–µ–Ω—Å–∫–∏–π,47,14,–ù–µ—Ç,0,–î–∞,1,7,7,7,7,7,7,7,7,7,7,7,7,7,7,7,1,1,1,1,7,7,7,7,–î–∞,7,7,7,1,1,7,7,7,6,–ù–µ—Ç,5,5,5,5,5,5,5,5,–ë—ã—Ç—å –ø—Ä–∏–Ω—è—Ç—ã–º –∫–æ–º–∞–Ω–¥–æ–π –Ω–µ —Ç–æ–ª—å–∫–æ –∑–∞ —Ä–∞–±–æ—á–∏–µ –∫–∞—á–µ—Å—Ç–≤–∞,
2015402247,2025-03-24 20:06:05,,,–ú–µ–¥–∏—Ü–∏–Ω—Å–∫–∞—è —Å–µ—Å—Ç—Ä–∞ (–ª—é–±–∞—è) –≤ —Ä–µ–Ω—Ç–≥–µ–Ω–æ–ø–µ—Ä–∞—Ü–∏–æ–Ω–Ω–æ–π,,–î–∞,–ñ–µ–Ω—Å–∫–∏–π,57,12,–ù–µ—Ç,0,–î–∞,1,7,1,7,7,7,1,1,7,1,1,1,1,1,1,1,7,7,7,1,1,1,1,1,–î–∞,1,1,1,7,1,1,1,1,6,–î–∞,0,0,0,5,5,0,0,5,–ë–µ–∑–æ–ø–∞—Å–Ω–æ—Å—Ç–∏ –∏ –¥–µ–Ω–µ–≥,
2015404203,2025-03-24 20:08:25,,–í—Ä–∞—á-—Å–ø–µ—Ü–∏–∞–ª–∏—Å—Ç –ø–æ —Ä–µ–Ω—Ç–≥–µ–Ω—ç–Ω–¥–æ–≤–∞—Å–∫—É–ª—è—Ä–Ω—ã–º –¥–∏–∞–≥–Ω–æ—Å—Ç–∏–∫–µ –∏ –ª–µ—á–µ–Ω–∏—é (–≤–∫–ª—é—á–∞—è —ç–Ω–¥–æ–≤–∞—Å–∫—É–ª—è—Ä–Ω—É—é –∞—Ä–∏—Ç–º–æ–ª–æ–≥–∏—é),,,–î–∞,–ú—É–∂—Å–∫–æ–π,39,7,–ù–µ—Ç,0,–ù–µ—Ç,4,2,2,6,5,2,4,6,5,6,1,1,1,6,6,6,2,1,2,2,1,1,1,4,–î–∞,3,1,3,6,2,1,1,1,6,–ù–µ—Ç,3,5,3,5,4,4,5,4,–ë–µ–∑–æ–ø–∞—Å–Ω–æ—Å—Ç–∏ –∏ –¥–µ–Ω–µ–≥,
2015406610,2025-03-24 20:11:10,,–í—Ä–∞—á-—Å–ø–µ—Ü–∏–∞–ª–∏—Å—Ç –ø–æ —Ä–µ–Ω—Ç–≥–µ–Ω—ç–Ω–¥–æ–≤–∞—Å–∫—É–ª—è—Ä–Ω—ã–º –¥–∏–∞–≥–Ω–æ—Å—Ç–∏–∫–µ –∏ –ª–µ—á–µ–Ω–∏—é (–≤–∫–ª—é—á–∞—è —ç–Ω–¥–æ–≤–∞—Å–∫—É–ª—è—Ä–Ω—É—é –∞—Ä–∏—Ç–º–æ–ª–æ–≥–∏—é),,,–î–∞,–ú—É–∂—Å–∫–æ–π,37,6,–ù–µ—Ç,0,–ù–µ—Ç,6,5,6,6,6,6,6,6,6,6,2,1,5,1,7,6,5,3,4,3,3,5,4,6,–î–∞,6,1,5,7,6,1,5,3,1,–ù–µ—Ç,4,3,2,4,4,3,4,4,–ë–µ–∑–æ–ø–∞—Å–Ω–æ—Å—Ç–∏ –∏ –¥–µ–Ω–µ–≥,
2015409700,2025-03-24 20:14:53,,–í—Ä–∞—á-—Å–ø–µ—Ü–∏–∞–ª–∏—Å—Ç –ø–æ —Ä–µ–Ω—Ç–≥–µ–Ω—ç–Ω–¥–æ–≤–∞—Å–∫—É–ª—è—Ä–Ω—ã–º –¥–∏–∞–≥–Ω–æ—Å—Ç–∏–∫–µ –∏ –ª–µ—á–µ–Ω–∏—é (–≤–∫–ª—é—á–∞—è —ç–Ω–¥–æ–≤–∞—Å–∫—É–ª—è—Ä–Ω—É—é –∞—Ä–∏—Ç–º–æ–ª–æ–≥–∏—é),,,–î–∞,–ú—É–∂—Å–∫–æ–π,35,7,–ù–µ—Ç,0,–ù–µ—Ç,6,7,5,7,2,4,6,2,5,3,2,1,3,5,2,2,6,5,3,3,6,4,3,3,–î–∞,1,1,2,7,1,1,1,1,5,–ù–µ—Ç,1,0,1,1,1,0,0,0,–ë–µ–∑–æ–ø–∞—Å–Ω–æ—Å—Ç–∏ –∏ –¥–µ–Ω–µ–≥,
2015417609,2025-03-24 20:24:27,,–í—Ä–∞—á-—Å–ø–µ—Ü–∏–∞–ª–∏—Å—Ç –ø–æ —Ä–µ–Ω—Ç–≥–µ–Ω—ç–Ω–¥–æ–≤–∞—Å–∫—É–ª—è—Ä–Ω—ã–º –¥–∏–∞–≥–Ω–æ—Å—Ç–∏–∫–µ –∏ –ª–µ—á–µ–Ω–∏—é (–≤–∫–ª—é—á–∞—è —ç–Ω–¥–æ–≤–∞—Å–∫—É–ª—è—Ä–Ω—É—é –∞—Ä–∏—Ç–º–æ–ª–æ–≥–∏—é),,,–î–∞,–ú—É–∂—Å–∫–æ–π,40,12,–ù–µ—Ç,0,–î–∞,7,5,7,7,7,6,4,5,5,4,3,2,3,2,7,5,4,2,3,3,5,5,7,7,–î–∞,2,3,3,5,4,1,1,1,1,–ù–µ—Ç,4,3,4,4,4,4,5,5,–ë–µ–∑–æ–ø–∞—Å–Ω–æ—Å—Ç–∏ –∏ –¥–µ–Ω–µ–≥,
2015416107,2025-03-24 20:22:41,–†—É–∫–æ–≤–æ–¥–∏—Ç–µ–ª—å –≤—Ä–∞—á–∞–º–∏ –∏–ª–∏ —Å–µ—Å—Ç—Ä–∞–º–∏ –∑–∞–Ω–∏–º–∞—é—â–∏–º–∏—Å—è —Ä–µ–Ω—Ç–≥–µ–Ω—ç–Ω–¥–æ–≤–∞—Å–∫—É–ª—è—Ä–Ω—ã–º–∏ –ø—Ä–æ—Ü–µ–¥—É—Ä–∞–º–∏,–í—Ä–∞—á-—Å–ø–µ—Ü–∏–∞–ª–∏—Å—Ç –ø–æ —Ä–µ–Ω—Ç–≥–µ–Ω—ç–Ω–¥–æ–≤–∞—Å–∫—É–ª—è—Ä–Ω—ã–º –¥–∏–∞–≥–Ω–æ—Å—Ç–∏–∫–µ –∏ –ª–µ—á–µ–Ω–∏—é (–≤–∫–ª—é—á–∞—è —ç–Ω–¥–æ–≤–∞—Å–∫—É–ª—è—Ä–Ω—É—é –∞—Ä–∏—Ç–º–æ–ª–æ–≥–∏—é),,,–î–∞,–ú—É–∂—Å–∫–æ–π,42,15,–ù–µ—Ç,2,–î–∞,6,5,5,6,6,5,5,4,6,4,3,4,5,6,6,5,5,5,4,6,5,5,4,7,–î–∞,6,4,6,5,6,4,3,4,4,–ù–µ—Ç,3,5,4,3,3,3,3,5,–ë–µ–∑–æ–ø–∞—Å–Ω–æ—Å—Ç–∏ –∏ –¥–µ–Ω–µ–≥,
2015426681,2025-03-24 20:34:55,,,,–ù–µ –∏–º–µ—é –æ—Ç–Ω–æ—à–µ–Ω–∏—è –∫ —Ä–µ–Ω—Ç–≥–µ–Ω–æ–ø–µ—Ä–∞—Ü–∏–æ–Ω–Ω–æ–π,–î–∞,–ñ–µ–Ω—Å–∫–∏–π,35,0,–ù–µ—Ç,0,–î–∞,4,5,6,6,7,7,7,7,7,6,3,2,2,6,6,6,4,3,5,5,6,5,4,5,–î–∞,7,7,7,7,7,7,2,2,6,–ù–µ—Ç,4,4,5,5,5,5,5,5,"–¢–µ–ø–ª—ã—Ö –æ—Ç–Ω–æ—à–µ–Ω–∏–π —Å –æ—Ç–¥–µ–ª—å–Ω—ã–º–∏ –ª—é–¥—å–º–∏ (–¥—Ä—É–∂–±–∞, –≤–∑–∞–∏–º–Ω–∞—è –ø–æ–¥–¥–µ—Ä–∂–∫–∞ –∏ —Ç.–¥.)",
2015431380,2025-03-24 20:40:25,,,–ú–µ–¥–∏—Ü–∏–Ω—Å–∫–∞—è —Å–µ—Å—Ç—Ä–∞ (–ª—é–±–∞—è) –≤ —Ä–µ–Ω—Ç–≥–µ–Ω–æ–ø–µ—Ä–∞—Ü–∏–æ–Ω–Ω–æ–π,,–î–∞,–ñ–µ–Ω—Å–∫–∏–π,42,6,–ù–µ—Ç,6,–î–∞,6,5,7,7,5,7,5,5,7,7,5,4,4,5,7,5,7,7,7,7,5,5,7,7,–î–∞,7,7,7,7,7,7,7,7,4,–î–∞,5,5,5,5,5,5,5,5,–£–≤–∞–∂–µ–Ω–∏–µ –∫–æ–ª–ª–µ–≥ –∑–∞ —Ä–∞–±–æ—á–∏–µ –∫–∞—á–µ—Å—Ç–≤–∞,
2015456101,2025-03-24 21:10:38,–†—É–∫–æ–≤–æ–¥–∏—Ç–µ–ª—å –≤—Ä–∞—á–∞–º–∏ –∏–ª–∏ —Å–µ—Å—Ç—Ä–∞–º–∏ –∑–∞–Ω–∏–º–∞—é—â–∏–º–∏—Å—è —Ä–µ–Ω—Ç–≥–µ–Ω—ç–Ω–¥–æ–≤–∞—Å–∫—É–ª—è—Ä–Ω—ã–º–∏ –ø—Ä–æ—Ü–µ–¥—É—Ä–∞–º–∏,,,,–î–∞,–ú—É–∂—Å–∫–æ–π,52,29,–ù–µ—Ç,3,–ù–µ—Ç,5,5,7,7,7,7,5,6,6,5,2,5,6,3,6,6,5,5,5,5,7,7,6,5,–î–∞,5,2,5,6,5,5,4,5,6,–î–∞,4,3,4,4,4,3,3,5,–ë–µ–∑–æ–ø–∞—Å–Ω–æ—Å—Ç–∏ –∏ –¥–µ–Ω–µ–≥,
2015491152,2025-03-24 21:57:57,,–í—Ä–∞—á-—Å–ø–µ—Ü–∏–∞–ª–∏—Å—Ç –ø–æ —Ä–µ–Ω—Ç–≥–µ–Ω—ç–Ω–¥–æ–≤–∞—Å–∫—É–ª—è—Ä–Ω—ã–º –¥–∏–∞–≥–Ω–æ—Å—Ç–∏–∫–µ –∏ –ª–µ—á–µ–Ω–∏—é (–≤–∫–ª—é—á–∞—è —ç–Ω–¥–æ–≤–∞—Å–∫—É–ª—è—Ä–Ω—É—é –∞—Ä–∏—Ç–º–æ–ª–æ–≥–∏—é),,,–î–∞,–ú—É–∂—Å–∫–æ–π,33,9,–ù–µ—Ç,0,–î–∞,1,2,2,2,1,2,3,2,1,4,5,5,1,6,2,2,1,1,1,2,1,2,4,3,–î–∞,2,2,3,1,5,5,7,7,6,–ù–µ—Ç,5,3,4,4,5,3,3,4,–†–∞–¥–æ—Å—Ç–∏ –¥–æ—Å—Ç–∏–∂–µ–Ω–∏–π,
2015507742,2025-03-24 22:22:39,,,–ú–µ–¥–∏—Ü–∏–Ω—Å–∫–∞—è —Å–µ—Å—Ç—Ä–∞ (–ª—é–±–∞—è) –≤ —Ä–µ–Ω—Ç–≥–µ–Ω–æ–ø–µ—Ä–∞—Ü–∏–æ–Ω–Ω–æ–π,,–î–∞,–ñ–µ–Ω—Å–∫–∏–π,50,6,–ù–µ—Ç,0,–î–∞,1,7,7,7,7,7,7,7,7,7,7,1,1,1,7,1,1,7,7,7,7,1,7,7,–î–∞,7,1,1,7,7,1,1,1,1,–î–∞,5,0,0,0,5,5,5,5,–ë–µ–∑–æ–ø–∞—Å–Ω–æ—Å—Ç–∏ –∏ –¥–µ–Ω–µ–≥,
2015536634,2025-03-24 23:19:20,,–í—Ä–∞—á-—Å–ø–µ—Ü–∏–∞–ª–∏—Å—Ç –ø–æ —Ä–µ–Ω—Ç–≥–µ–Ω—ç–Ω–¥–æ–≤–∞—Å–∫—É–ª—è—Ä–Ω—ã–º –¥–∏–∞–≥–Ω–æ—Å—Ç–∏–∫–µ –∏ –ª–µ—á–µ–Ω–∏—é (–≤–∫–ª—é—á–∞—è —ç–Ω–¥–æ–≤–∞—Å–∫—É–ª—è—Ä–Ω—É—é –∞—Ä–∏—Ç–º–æ–ª–æ–≥–∏—é),,,–î–∞,–ú—É–∂—Å–∫–æ–π,31,5,–ù–µ—Ç,0,–ù–µ—Ç,6,7,6,7,7,7,4,6,6,4,2,2,4,6,6,4,5,6,6,5,4,2,2,3,–î–∞,4,2,4,7,5,1,1,4,5,–ù–µ—Ç,5,1,2,4,5,3,3,4,–ë–µ–∑–æ–ø–∞—Å–Ω–æ—Å—Ç–∏ –∏ –¥–µ–Ω–µ–≥,
2015625396,2025-03-25 06:25:47,,,–ú–µ–¥–∏—Ü–∏–Ω—Å–∫–∞—è —Å–µ—Å—Ç—Ä–∞ (–ª—é–±–∞—è) –≤ —Ä–µ–Ω—Ç–≥–µ–Ω–æ–ø–µ—Ä–∞—Ü–∏–æ–Ω–Ω–æ–π,,–î–∞,–ú—É–∂—Å–∫–æ–π,38,10,–ù–µ—Ç,0,–î–∞,5,5,7,7,7,7,7,7,7,7,7,7,7,7,6,6,6,6,6,6,6,6,6,7,–î–∞,6,6,6,6,6,7,6,6,6,–î–∞,5,5,5,5,5,5,5,5,–ë–µ–∑–æ–ø–∞—Å–Ω–æ—Å—Ç–∏ –∏ –¥–µ–Ω–µ–≥,
2015634910,2025-03-25 06:45:50,,,–ú–µ–¥–∏—Ü–∏–Ω—Å–∫–∞—è —Å–µ—Å—Ç—Ä–∞ (–ª—é–±–∞—è) –≤ —Ä–µ–Ω—Ç–≥–µ–Ω–æ–ø–µ—Ä–∞—Ü–∏–æ–Ω–Ω–æ–π,,–î–∞,–ñ–µ–Ω—Å–∫–∏–π,42,7,–ù–µ—Ç,0,–î–∞,1,1,7,7,7,7,7,7,7,7,7,1,1,1,1,1,1,1,1,1,1,1,7,7,–î–∞,7,1,7,7,7,1,1,1,4,–î–∞,0,5,4,3,5,3,4,3,–£–≤–∞–∂–µ–Ω–∏–µ –∫–æ–ª–ª–µ–≥ –∑–∞ —Ä–∞–±–æ—á–∏–µ –∫–∞—á–µ—Å—Ç–≤–∞,
2015635351,2025-03-25 06:46:41,,–í—Ä–∞—á-—Å–ø–µ—Ü–∏–∞–ª–∏—Å—Ç –ø–æ —Ä–µ–Ω—Ç–≥–µ–Ω—ç–Ω–¥–æ–≤–∞—Å–∫—É–ª—è—Ä–Ω—ã–º –¥–∏–∞–≥–Ω–æ—Å—Ç–∏–∫–µ –∏ –ª–µ—á–µ–Ω–∏—é (–≤–∫–ª—é—á–∞—è —ç–Ω–¥–æ–≤–∞—Å–∫—É–ª—è—Ä–Ω—É—é –∞—Ä–∏—Ç–º–æ–ª–æ–≥–∏—é),,,–î–∞,–ú—É–∂—Å–∫–æ–π,32,5,–ù–µ—Ç,0,–î–∞,4,5,5,6,5,5,4,5,4,4,3,3,3,5,5,5,4,2,4,4,2,2,2,5,–î–∞,4,4,4,4,4,4,4,4,4,–î–∞,4,4,4,4,4,4,4,4,–ß—É–≤—Å—Ç–≤–∞ —Å–∞–º–æ—Ä–µ–∞–ª–∏–∑–∞—Ü–∏–∏,
2015803876,2025-03-25 10:10:39,,–í—Ä–∞—á-—Å–ø–µ—Ü–∏–∞–ª–∏—Å—Ç –ø–æ —Ä–µ–Ω—Ç–≥–µ–Ω—ç–Ω–¥–æ–≤–∞—Å–∫—É–ª—è—Ä–Ω—ã–º –¥–∏–∞–≥–Ω–æ—Å—Ç–∏–∫–µ –∏ –ª–µ—á–µ–Ω–∏—é (–≤–∫–ª—é—á–∞—è —ç–Ω–¥–æ–≤–∞—Å–∫—É–ª—è—Ä–Ω—É—é –∞—Ä–∏—Ç–º–æ–ª–æ–≥–∏—é),,,–î–∞,–ú—É–∂—Å–∫–æ–π,40,13,–ù–µ—Ç,0,–î–∞,7,7,7,6,7,7,4,6,7,7,5,4,7,6,4,5,4,3,3,7,7,6,7,7,–î–∞,3,3,4,2,4,2,2,2,6,–ù–µ—Ç,5,5,5,5,5,5,5,5,–†–∞–¥–æ—Å—Ç–∏ –¥–æ—Å—Ç–∏–∂–µ–Ω–∏–π,
2015716657,2025-03-25 08:46:55,–†—É–∫–æ–≤–æ–¥–∏—Ç–µ–ª—å –≤—Ä–∞—á–∞–º–∏ –∏–ª–∏ —Å–µ—Å—Ç—Ä–∞–º–∏ –∑–∞–Ω–∏–º–∞—é—â–∏–º–∏—Å—è —Ä–µ–Ω—Ç–≥–µ–Ω—ç–Ω–¥–æ–≤–∞—Å–∫—É–ª—è—Ä–Ω—ã–º–∏ –ø—Ä–æ—Ü–µ–¥—É—Ä–∞–º–∏,–í—Ä–∞—á-—Å–ø–µ—Ü–∏–∞–ª–∏—Å—Ç –ø–æ —Ä–µ–Ω—Ç–≥–µ–Ω—ç–Ω–¥–æ–≤–∞—Å–∫—É–ª—è—Ä–Ω—ã–º –¥–∏–∞–≥–Ω–æ—Å—Ç–∏–∫–µ –∏ –ª–µ—á–µ–Ω–∏—é (–≤–∫–ª—é—á–∞—è —ç–Ω–¥–æ–≤–∞—Å–∫—É–ª—è—Ä–Ω—É—é –∞—Ä–∏—Ç–º–æ–ª–æ–≥–∏—é),,,–î–∞,–ú—É–∂—Å–∫–æ–π,53,25,–î–æ–∫—Ç–æ—Ä –Ω–∞—É–∫,80,–ù–µ—Ç,5,7,7,7,7,7,7,6,7,7,5,5,5,5,6,6,5,5,5,5,4,4,7,4,–î–∞,3,1,2,2,2,2,2,2,4,–ù–µ—Ç,5,1,4,5,5,3,4,5,–£–≤–∞–∂–µ–Ω–∏–µ –∫–æ–ª–ª–µ–≥ –∑–∞ —Ä–∞–±–æ—á–∏–µ –∫–∞—á–µ—Å—Ç–≤–∞,
2015727633,2025-03-25 08:59:28,,–í—Ä–∞—á-—Å–ø–µ—Ü–∏–∞–ª–∏—Å—Ç –ø–æ —Ä–µ–Ω—Ç–≥–µ–Ω—ç–Ω–¥–æ–≤–∞—Å–∫—É–ª—è—Ä–Ω—ã–º –¥–∏–∞–≥–Ω–æ—Å—Ç–∏–∫–µ –∏ –ª–µ—á–µ–Ω–∏—é (–≤–∫–ª—é—á–∞—è —ç–Ω–¥–æ–≤–∞—Å–∫—É–ª—è—Ä–Ω—É—é –∞—Ä–∏—Ç–º–æ–ª–æ–≥–∏—é),,,–î–∞,–ñ–µ–Ω—Å–∫–∏–π,52,25,–ù–µ—Ç,0,–î–∞,4,5,7,7,7,5,1,1,4,7,7,1,4,7,1,4,1,1,1,1,4,1,1,1,–î–∞,1,1,4,7,1,1,1,4,4,–ù–µ—Ç,3,0,3,5,5,5,5,5,–ë–µ–∑–æ–ø–∞—Å–Ω–æ—Å—Ç–∏ –∏ –¥–µ–Ω–µ–≥,
2015744216,2025-03-25 09:17:02,,–í—Ä–∞—á-—Å–ø–µ—Ü–∏–∞–ª–∏—Å—Ç –ø–æ —Ä–µ–Ω—Ç–≥–µ–Ω—ç–Ω–¥–æ–≤–∞—Å–∫—É–ª—è—Ä–Ω—ã–º –¥–∏–∞–≥–Ω–æ—Å—Ç–∏–∫–µ –∏ –ª–µ—á–µ–Ω–∏—é (–≤–∫–ª—é—á–∞—è —ç–Ω–¥–æ–≤–∞—Å–∫—É–ª—è—Ä–Ω—É—é –∞—Ä–∏—Ç–º–æ–ª–æ–≥–∏—é),,,–î–∞,–ñ–µ–Ω—Å–∫–∏–π,38,5,–ù–µ—Ç,0,–î–∞,7,7,7,7,7,7,7,7,7,7,7,1,7,7,7,7,7,7,7,7,7,2,7,7,–î–∞,7,7,7,7,7,7,7,7,6,–î–∞,5,5,5,5,5,5,5,5,–ë–µ–∑–æ–ø–∞—Å–Ω–æ—Å—Ç–∏ –∏ –¥–µ–Ω–µ–≥,
2015948955,2025-03-25 12:09:38,–†—É–∫–æ–≤–æ–¥–∏—Ç–µ–ª—å –≤—Ä–∞—á–∞–º–∏ –∏–ª–∏ —Å–µ—Å—Ç—Ä–∞–º–∏ –∑–∞–Ω–∏–º–∞—é—â–∏–º–∏—Å—è —Ä–µ–Ω—Ç–≥–µ–Ω—ç–Ω–¥–æ–≤–∞—Å–∫—É–ª—è—Ä–Ω—ã–º–∏ –ø—Ä–æ—Ü–µ–¥—É—Ä–∞–º–∏,,,,–î–∞,–ñ–µ–Ω—Å–∫–∏–π,43,20,–ö–∞–Ω–¥–∏–¥–∞—Ç –Ω–∞—É–∫,9,–î–∞,4,7,7,7,7,7,5,5,7,7,1,1,5,7,7,7,5,7,6,5,5,5,6,5,–î–∞,5,4,5,5,5,3,5,5,6,–ù–µ—Ç,5,5,4,5,5,5,5,5,–£–≤–∞–∂–µ–Ω–∏–µ –∫–æ–ª–ª–µ–≥ –∑–∞ —Ä–∞–±–æ—á–∏–µ –∫–∞—á–µ—Å—Ç–≤–∞,
2015953844,2025-03-25 12:13:42,,–í—Ä–∞—á-—Å–ø–µ—Ü–∏–∞–ª–∏—Å—Ç –ø–æ —Ä–µ–Ω—Ç–≥–µ–Ω—ç–Ω–¥–æ–≤–∞—Å–∫—É–ª—è—Ä–Ω—ã–º –¥–∏–∞–≥–Ω–æ—Å—Ç–∏–∫–µ –∏ –ª–µ—á–µ–Ω–∏—é (–≤–∫–ª—é—á–∞—è —ç–Ω–¥–æ–≤–∞—Å–∫—É–ª—è—Ä–Ω—É—é –∞—Ä–∏—Ç–º–æ–ª–æ–≥–∏—é),,,–î–∞,–ú—É–∂—Å–∫–æ–π,42,12,–ù–µ—Ç,0,–î–∞,4,7,7,7,7,7,4,4,4,7,1,1,7,1,4,1,4,5,3,1,6,1,4,4,–î–∞,7,5,1,7,4,1,1,1,3,–î–∞,5,0,3,5,5,5,5,3,–ß—É–≤—Å—Ç–≤–∞ —Å–∞–º–æ—Ä–µ–∞–ª–∏–∑–∞—Ü–∏–∏,
2016009328,2025-03-25 12:59:04,,–í—Ä–∞—á-—Å–ø–µ—Ü–∏–∞–ª–∏—Å—Ç –ø–æ —Ä–µ–Ω—Ç–≥–µ–Ω—ç–Ω–¥–æ–≤–∞—Å–∫—É–ª—è—Ä–Ω—ã–º –¥–∏–∞–≥–Ω–æ—Å—Ç–∏–∫–µ –∏ –ª–µ—á–µ–Ω–∏—é (–≤–∫–ª—é—á–∞—è —ç–Ω–¥–æ–≤–∞—Å–∫—É–ª—è—Ä–Ω—É—é –∞—Ä–∏—Ç–º–æ–ª–æ–≥–∏—é),,,–î–∞,–ú—É–∂—Å–∫–æ–π,32,1,–ù–µ—Ç,0,–î–∞,3,5,7,7,7,7,7,7,7,7,7,7,6,4,5,6,3,4,5,4,7,7,4,4,–î–∞,5,7,6,5,6,6,4,5,5,–î–∞,4,4,5,3,4,3,4,4,–†–∞–¥–æ—Å—Ç–∏ –¥–æ—Å—Ç–∏–∂–µ–Ω–∏–π,
2016055753,2025-03-25 13:38:07,–†—É–∫–æ–≤–æ–¥–∏—Ç–µ–ª—å –≤—Ä–∞—á–∞–º–∏ –∏–ª–∏ —Å–µ—Å—Ç—Ä–∞–º–∏ –∑–∞–Ω–∏–º–∞—é—â–∏–º–∏—Å—è —Ä–µ–Ω—Ç–≥–µ–Ω—ç–Ω–¥–æ–≤–∞—Å–∫—É–ª—è—Ä–Ω—ã–º–∏ –ø—Ä–æ—Ü–µ–¥—É—Ä–∞–º–∏,,,,–î–∞,–ú—É–∂—Å–∫–æ–π,38,12,–ù–µ—Ç,0,–ù–µ—Ç,7,6,6,4,5,3,3,6,7,4,3,2,4,5,7,5,7,7,7,6,6,6,5,4,–î–∞,7,5,6,5,5,3,5,5,5,–ù–µ—Ç,5,4,4,4,5,5,4,4,–ë–µ–∑–æ–ø–∞—Å–Ω–æ—Å—Ç–∏ –∏ –¥–µ–Ω–µ–≥,
2016283512,2025-03-25 16:54:31,,–í—Ä–∞—á-—Å–ø–µ—Ü–∏–∞–ª–∏—Å—Ç –ø–æ —Ä–µ–Ω—Ç–≥–µ–Ω—ç–Ω–¥–æ–≤–∞—Å–∫—É–ª—è—Ä–Ω—ã–º –¥–∏–∞–≥–Ω–æ—Å—Ç–∏–∫–µ –∏ –ª–µ—á–µ–Ω–∏—é (–≤–∫–ª—é—á–∞—è —ç–Ω–¥–æ–≤–∞—Å–∫—É–ª—è—Ä–Ω—É—é –∞—Ä–∏—Ç–º–æ–ª–æ–≥–∏—é),,,–î–∞,–ú—É–∂—Å–∫–æ–π,32,3,–ù–µ—Ç,0,–î–∞,5,6,5,7,7,7,3,2,6,7,2,5,6,6,6,6,6,6,6,6,6,5,4,7,–î–∞,4,1,3,7,5,2,5,6,2,–ù–µ—Ç,4,4,4,4,5,4,4,4,–ë–µ–∑–æ–ø–∞—Å–Ω–æ—Å—Ç–∏ –∏ –¥–µ–Ω–µ–≥,
2016356087,2025-03-25 18:07:54,,,–ú–µ–¥–∏—Ü–∏–Ω—Å–∫–∞—è —Å–µ—Å—Ç—Ä–∞ (–ª—é–±–∞—è) –≤ —Ä–µ–Ω—Ç–≥–µ–Ω–æ–ø–µ—Ä–∞—Ü–∏–æ–Ω–Ω–æ–π,,–î–∞,–ñ–µ–Ω—Å–∫–∏–π,56,19,–ù–µ—Ç,0,–î–∞,4,7,7,7,7,7,7,4,7,4,1,7,7,7,7,7,7,7,7,7,7,7,7,7,–î–∞,7,7,7,7,7,7,7,7,6,–ù–µ—Ç,4,5,5,5,5,5,5,5,–†–∞–¥–æ—Å—Ç–∏ –¥–æ—Å—Ç–∏–∂–µ–Ω–∏–π,"–í–Ω–µ–¥—Ä–µ–Ω–∏–µ  –Ω–æ–≤—ã—Ö –æ–ø–µ—Ä–∞—Ü–∏–π,–∏ –∞–ø–ø–∞—Ä–∞—Ç—É—Ä—ã"
2016390022,2025-03-25 18:45:12,,–í—Ä–∞—á-—Å–ø–µ—Ü–∏–∞–ª–∏—Å—Ç –ø–æ —Ä–µ–Ω—Ç–≥–µ–Ω—ç–Ω–¥–æ–≤–∞—Å–∫—É–ª—è—Ä–Ω—ã–º –¥–∏–∞–≥–Ω–æ—Å—Ç–∏–∫–µ –∏ –ª–µ—á–µ–Ω–∏—é (–≤–∫–ª—é—á–∞—è —ç–Ω–¥–æ–≤–∞—Å–∫—É–ª—è—Ä–Ω—É—é –∞—Ä–∏—Ç–º–æ–ª–æ–≥–∏—é),,,–î–∞,–ú—É–∂—Å–∫–æ–π,30,5,–ù–µ—Ç,0,–ù–µ—Ç,4,7,7,7,7,7,4,5,5,2,2,1,1,1,1,1,4,4,4,4,4,2,2,5,–î–∞,2,2,2,2,2,2,2,2,6,–ù–µ—Ç,3,2,3,3,3,3,3,3,–ß—É–≤—Å—Ç–≤–∞ —Å–∞–º–æ—Ä–µ–∞–ª–∏–∑–∞—Ü–∏–∏,
2016406585,2025-03-25 19:04:06,,–í—Ä–∞—á-—Å–ø–µ—Ü–∏–∞–ª–∏—Å—Ç –ø–æ —Ä–µ–Ω—Ç–≥–µ–Ω—ç–Ω–¥–æ–≤–∞—Å–∫—É–ª—è—Ä–Ω—ã–º –¥–∏–∞–≥–Ω–æ—Å—Ç–∏–∫–µ –∏ –ª–µ—á–µ–Ω–∏—é (–≤–∫–ª—é—á–∞—è —ç–Ω–¥–æ–≤–∞—Å–∫—É–ª—è—Ä–Ω—É—é –∞—Ä–∏—Ç–º–æ–ª–æ–≥–∏—é),,,–î–∞,–ú—É–∂—Å–∫–æ–π,31,1,–ù–µ—Ç,0,–ù–µ—Ç,5,7,7,7,7,7,4,4,4,6,2,1,1,5,6,6,7,7,7,6,5,2,6,2,–î–∞,3,1,3,2,2,1,1,1,3,–ù–µ—Ç,4,2,2,4,4,1,1,1,–ë–µ–∑–æ–ø–∞—Å–Ω–æ—Å—Ç–∏ –∏ –¥–µ–Ω–µ–≥,
2016485148,2025-03-25 20:36:39,–†—É–∫–æ–≤–æ–¥–∏—Ç–µ–ª—å –≤—Ä–∞—á–∞–º–∏ –∏–ª–∏ —Å–µ—Å—Ç—Ä–∞–º–∏ –∑–∞–Ω–∏–º–∞—é—â–∏–º–∏—Å—è —Ä–µ–Ω—Ç–≥–µ–Ω—ç–Ω–¥–æ–≤–∞—Å–∫—É–ª—è—Ä–Ω—ã–º–∏ –ø—Ä–æ—Ü–µ–¥—É—Ä–∞–º–∏,,,,–î–∞,–ú—É–∂—Å–∫–æ–π,43,19,–ù–µ—Ç,4,–ù–µ—Ç,7,5,6,7,7,6,7,7,7,7,7,7,7,6,6,6,7,6,6,6,6,7,7,6,–î–∞,5,5,5,5,5,3,3,4,4,–ù–µ—Ç,5,4,4,5,4,3,4,5,–ß—É–≤—Å—Ç–≤–∞ —Å–∞–º–æ—Ä–µ–∞–ª–∏–∑–∞—Ü–∏–∏,
2016564819,2025-03-25 22:44:49,,–í—Ä–∞—á-—Å–ø–µ—Ü–∏–∞–ª–∏—Å—Ç –ø–æ —Ä–µ–Ω—Ç–≥–µ–Ω—ç–Ω–¥–æ–≤–∞—Å–∫—É–ª—è—Ä–Ω—ã–º –¥–∏–∞–≥–Ω–æ—Å—Ç–∏–∫–µ –∏ –ª–µ—á–µ–Ω–∏—é (–≤–∫–ª—é—á–∞—è —ç–Ω–¥–æ–≤–∞—Å–∫—É–ª—è—Ä–Ω—É—é –∞—Ä–∏—Ç–º–æ–ª–æ–≥–∏—é),,,–î–∞,–ú—É–∂—Å–∫–æ–π,35,12,–ù–µ—Ç,0,–ù–µ—Ç,5,6,5,7,6,4,4,4,5,4,2,1,1,4,4,4,3,4,5,4,5,4,5,5,–î–∞,3,1,4,7,4,1,1,2,4,–ù–µ—Ç,3,1,1,3,4,4,4,3,–ë–µ–∑–æ–ø–∞—Å–Ω–æ—Å—Ç–∏ –∏ –¥–µ–Ω–µ–≥,
2016586480,2025-03-25 23:21:46,,–í—Ä–∞—á-—Å–ø–µ—Ü–∏–∞–ª–∏—Å—Ç –ø–æ —Ä–µ–Ω—Ç–≥–µ–Ω—ç–Ω–¥–æ–≤–∞—Å–∫—É–ª—è—Ä–Ω—ã–º –¥–∏–∞–≥–Ω–æ—Å—Ç–∏–∫–µ –∏ –ª–µ—á–µ–Ω–∏—é (–≤–∫–ª—é—á–∞—è —ç–Ω–¥–æ–≤–∞—Å–∫—É–ª—è—Ä–Ω—É—é –∞—Ä–∏—Ç–º–æ–ª–æ–≥–∏—é),,,–î–∞,–ú—É–∂—Å–∫–æ–π,36,9,–ù–µ—Ç,0,–ù–µ—Ç,4,6,5,5,6,7,7,5,7,7,6,4,6,5,4,4,7,7,6,6,5,5,6,5,–î–∞,7,7,7,7,6,6,4,2,6,–ù–µ—Ç,5,4,4,4,5,4,4,5,–†–∞–¥–æ—Å—Ç–∏ –¥–æ—Å—Ç–∏–∂–µ–Ω–∏–π,
2016774153,2025-03-26 09:01:50,,,–ú–µ–¥–∏—Ü–∏–Ω—Å–∫–∞—è —Å–µ—Å—Ç—Ä–∞ (–ª—é–±–∞—è) –≤ —Ä–µ–Ω—Ç–≥–µ–Ω–æ–ø–µ—Ä–∞—Ü–∏–æ–Ω–Ω–æ–π,,–î–∞,–ñ–µ–Ω—Å–∫–∏–π,46,3,–ù–µ—Ç,0,–î–∞,3,4,3,4,3,3,3,3,3,3,3,1,3,3,3,3,3,3,3,3,3,3,3,6,–î–∞,3,3,3,5,3,1,2,1,5,–î–∞,3,3,3,3,3,3,3,3,–°–∞–º–æ—É–≤–∞–∂–µ–Ω–∏—è,
2016900006,2025-03-26 10:49:08,,–í—Ä–∞—á-—Å–ø–µ—Ü–∏–∞–ª–∏—Å—Ç –ø–æ —Ä–µ–Ω—Ç–≥–µ–Ω—ç–Ω–¥–æ–≤–∞—Å–∫—É–ª—è—Ä–Ω—ã–º –¥–∏–∞–≥–Ω–æ—Å—Ç–∏–∫–µ –∏ –ª–µ—á–µ–Ω–∏—é (–≤–∫–ª—é—á–∞—è —ç–Ω–¥–æ–≤–∞—Å–∫—É–ª—è—Ä–Ω—É—é –∞—Ä–∏—Ç–º–æ–ª–æ–≥–∏—é),,,–î–∞,–ú—É–∂—Å–∫–æ–π,42,1,–ù–µ—Ç,0,–ù–µ—Ç,2,5,7,5,7,7,6,6,7,2,2,2,2,2,4,4,6,6,5,5,6,6,7,5,–î–∞,5,1,5,7,2,1,1,1,6,–ù–µ—Ç,5,0,4,5,5,4,3,4,–ß—É–≤—Å—Ç–≤–∞ —Å–∞–º–æ—Ä–µ–∞–ª–∏–∑–∞—Ü–∏–∏,
2017115921,2025-03-26 13:36:50,,–í—Ä–∞—á-—Å–ø–µ—Ü–∏–∞–ª–∏—Å—Ç –ø–æ —Ä–µ–Ω—Ç–≥–µ–Ω—ç–Ω–¥–æ–≤–∞—Å–∫—É–ª—è—Ä–Ω—ã–º –¥–∏–∞–≥–Ω–æ—Å—Ç–∏–∫–µ –∏ –ª–µ—á–µ–Ω–∏—é (–≤–∫–ª—é—á–∞—è —ç–Ω–¥–æ–≤–∞—Å–∫—É–ª—è—Ä–Ω—É—é –∞—Ä–∏—Ç–º–æ–ª–æ–≥–∏—é),,,–î–∞,–ú—É–∂—Å–∫–æ–π,40,17,–ù–µ—Ç,0,–ù–µ—Ç,7,6,5,7,7,7,7,5,6,3,3,6,6,3,6,4,3,3,3,6,6,6,6,7,–ù–µ—Ç,6,2,4,7,7,2,2,2,6,–ù–µ—Ç,5,0,5,5,5,5,4,5,–†–∞–¥–æ—Å—Ç–∏ –¥–æ—Å—Ç–∏–∂–µ–Ω–∏–π,
2017158977,2025-03-26 14:08:04,–†—É–∫–æ–≤–æ–¥–∏—Ç–µ–ª—å –≤—Ä–∞—á–∞–º–∏ –∏–ª–∏ —Å–µ—Å—Ç—Ä–∞–º–∏ –∑–∞–Ω–∏–º–∞—é—â–∏–º–∏—Å—è —Ä–µ–Ω—Ç–≥–µ–Ω—ç–Ω–¥–æ–≤–∞—Å–∫—É–ª—è—Ä–Ω—ã–º–∏ –ø—Ä–æ—Ü–µ–¥—É—Ä–∞–º–∏,,–ú–µ–¥–∏—Ü–∏–Ω—Å–∫–∞—è —Å–µ—Å—Ç—Ä–∞ (–ª—é–±–∞—è) –≤ —Ä–µ–Ω—Ç–≥–µ–Ω–æ–ø–µ—Ä–∞—Ü–∏–æ–Ω–Ω–æ–π,,–î–∞,–ñ–µ–Ω—Å–∫–∏–π,46,3,–ù–µ—Ç,6,–î–∞,4,5,7,7,7,7,7,6,7,5,7,4,4,7,7,5,5,5,6,5,6,5,7,7,–î–∞,7,4,5,7,7,2,2,4,6,–î–∞,5,3,5,5,5,5,5,4,–ß—É–≤—Å—Ç–≤–∞ —Å–∞–º–æ—Ä–µ–∞–ª–∏–∑–∞—Ü–∏–∏,
2017163008,2025-03-26 14:11:04,,–í—Ä–∞—á-—Å–ø–µ—Ü–∏–∞–ª–∏—Å—Ç –ø–æ —Ä–µ–Ω—Ç–≥–µ–Ω—ç–Ω–¥–æ–≤–∞—Å–∫—É–ª—è—Ä–Ω—ã–º –¥–∏–∞–≥–Ω–æ—Å—Ç–∏–∫–µ –∏ –ª–µ—á–µ–Ω–∏—é (–≤–∫–ª—é—á–∞—è —ç–Ω–¥–æ–≤–∞—Å–∫—É–ª—è—Ä–Ω—É—é –∞—Ä–∏—Ç–º–æ–ª–æ–≥–∏—é),,,–î–∞,–ú—É–∂—Å–∫–æ–π,29,3,–ù–µ—Ç,0,–î–∞,7,7,7,7,7,7,7,7,7,7,7,1,7,7,7,7,7,7,7,7,7,7,1,7,–î–∞,7,7,7,7,7,7,1,1,1,–ù–µ—Ç,5,5,5,5,5,5,5,5,–†–∞–¥–æ—Å—Ç–∏ –¥–æ—Å—Ç–∏–∂–µ–Ω–∏–π,
2017169434,2025-03-26 14:15:37,–†—É–∫–æ–≤–æ–¥–∏—Ç–µ–ª—å –≤—Ä–∞—á–∞–º–∏ –∏–ª–∏ —Å–µ—Å—Ç—Ä–∞–º–∏ –∑–∞–Ω–∏–º–∞—é—â–∏–º–∏—Å—è —Ä–µ–Ω—Ç–≥–µ–Ω—ç–Ω–¥–æ–≤–∞—Å–∫—É–ª—è—Ä–Ω—ã–º–∏ –ø—Ä–æ—Ü–µ–¥—É—Ä–∞–º–∏,,,,–î–∞,–ñ–µ–Ω—Å–∫–∏–π,51,15,–ù–µ—Ç,0,–ù–µ—Ç,7,7,7,7,7,7,7,7,7,7,7,1,7,1,1,1,7,7,7,7,7,7,7,7,–î–∞,7,7,7,7,7,1,1,1,3,–ù–µ—Ç,5,3,3,3,5,5,5,3,–ß—É–≤—Å—Ç–≤–∞ —Å–∞–º–æ—Ä–µ–∞–ª–∏–∑–∞—Ü–∏–∏,
2017174162,2025-03-26 14:18:49,,–í—Ä–∞—á-—Å–ø–µ—Ü–∏–∞–ª–∏—Å—Ç –ø–æ —Ä–µ–Ω—Ç–≥–µ–Ω—ç–Ω–¥–æ–≤–∞—Å–∫—É–ª—è—Ä–Ω—ã–º –¥–∏–∞–≥–Ω–æ—Å—Ç–∏–∫–µ –∏ –ª–µ—á–µ–Ω–∏—é (–≤–∫–ª—é—á–∞—è —ç–Ω–¥–æ–≤–∞—Å–∫—É–ª—è—Ä–Ω—É—é –∞—Ä–∏—Ç–º–æ–ª–æ–≥–∏—é),,,–î–∞,–ú—É–∂—Å–∫–æ–π,42,7,–ù–µ—Ç,0,–ù–µ—Ç,3,6,3,4,5,5,7,5,6,5,4,4,7,1,5,5,4,5,3,5,2,2,6,4,–î–∞,3,2,2,4,2,1,1,1,2,–ù–µ—Ç,2,0,0,2,2,2,1,2,–ß—É–≤—Å—Ç–≤–∞ —Å–∞–º–æ—Ä–µ–∞–ª–∏–∑–∞—Ü–∏–∏,
2017185228,2025-03-26 14:26:39,,–í—Ä–∞—á-—Å–ø–µ—Ü–∏–∞–ª–∏—Å—Ç –ø–æ —Ä–µ–Ω—Ç–≥–µ–Ω—ç–Ω–¥–æ–≤–∞—Å–∫—É–ª—è—Ä–Ω—ã–º –¥–∏–∞–≥–Ω–æ—Å—Ç–∏–∫–µ –∏ –ª–µ—á–µ–Ω–∏—é (–≤–∫–ª—é—á–∞—è —ç–Ω–¥–æ–≤–∞—Å–∫—É–ª—è—Ä–Ω—É—é –∞—Ä–∏—Ç–º–æ–ª–æ–≥–∏—é),,,–î–∞,–ú—É–∂—Å–∫–æ–π,27,2,–ù–µ—Ç,0,–î–∞,6,7,7,4,7,7,7,1,6,1,1,1,4,3,5,1,6,6,7,7,5,3,4,4,–î–∞,1,1,1,7,1,1,1,1,6,–ù–µ—Ç,2,0,0,4,5,1,0,5,–ë–µ–∑–æ–ø–∞—Å–Ω–æ—Å—Ç–∏ –∏ –¥–µ–Ω–µ–≥,
2017231257,2025-03-26 15:00:19,–†—É–∫–æ–≤–æ–¥–∏—Ç–µ–ª—å –≤—Ä–∞—á–∞–º–∏ –∏–ª–∏ —Å–µ—Å—Ç—Ä–∞–º–∏ –∑–∞–Ω–∏–º–∞—é—â–∏–º–∏—Å—è —Ä–µ–Ω—Ç–≥–µ–Ω—ç–Ω–¥–æ–≤–∞—Å–∫—É–ª—è—Ä–Ω—ã–º–∏ –ø—Ä–æ—Ü–µ–¥—É—Ä–∞–º–∏,,–ú–µ–¥–∏—Ü–∏–Ω—Å–∫–∞—è —Å–µ—Å—Ç—Ä–∞ (–ª—é–±–∞—è) –≤ —Ä–µ–Ω—Ç–≥–µ–Ω–æ–ø–µ—Ä–∞—Ü–∏–æ–Ω–Ω–æ–π,,–î–∞,–ñ–µ–Ω—Å–∫–∏–π,45,10,–ù–µ—Ç,0,–î–∞,4,6,7,7,7,7,6,6,6,6,5,6,6,5,5,1,6,7,6,5,6,6,6,6,–î–∞,4,5,4,6,3,6,6,6,5,–î–∞,4,4,5,5,5,5,5,5,–ë–µ–∑–æ–ø–∞—Å–Ω–æ—Å—Ç–∏ –∏ –¥–µ–Ω–µ–≥,
2017189845,2025-03-26 14:30:02,,,–ú–µ–¥–∏—Ü–∏–Ω—Å–∫–∞—è —Å–µ—Å—Ç—Ä–∞ (–ª—é–±–∞—è) –≤ —Ä–µ–Ω—Ç–≥–µ–Ω–æ–ø–µ—Ä–∞—Ü–∏–æ–Ω–Ω–æ–π,,–î–∞,–ñ–µ–Ω—Å–∫–∏–π,43,25,–ù–µ—Ç,0,–î–∞,3,3,3,4,7,7,5,7,7,7,4,1,1,1,4,6,6,6,6,6,6,4,4,7,–î–∞,4,3,4,7,7,5,2,2,6,–ù–µ—Ç,5,4,5,5,5,5,5,5,–ë–µ–∑–æ–ø–∞—Å–Ω–æ—Å—Ç–∏ –∏ –¥–µ–Ω–µ–≥,
2017211646,2025-03-26 14:45:44,,–í—Ä–∞—á-—Å–ø–µ—Ü–∏–∞–ª–∏—Å—Ç –ø–æ —Ä–µ–Ω—Ç–≥–µ–Ω—ç–Ω–¥–æ–≤–∞—Å–∫—É–ª—è—Ä–Ω—ã–º –¥–∏–∞–≥–Ω–æ—Å—Ç–∏–∫–µ –∏ –ª–µ—á–µ–Ω–∏—é (–≤–∫–ª—é—á–∞—è —ç–Ω–¥–æ–≤–∞—Å–∫—É–ª—è—Ä–Ω—É—é –∞—Ä–∏—Ç–º–æ–ª–æ–≥–∏—é),,,–î–∞,–ú—É–∂—Å–∫–æ–π,32,3,–ù–µ—Ç,0,–ù–µ—Ç,4,7,7,7,7,7,2,7,3,7,1,1,1,7,7,3,7,7,7,7,4,1,3,5,–î–∞,7,3,7,7,7,2,5,5,3,–î–∞,2,3,3,4,5,3,3,5,–ß—É–≤—Å—Ç–≤–∞ —Å–∞–º–æ—Ä–µ–∞–ª–∏–∑–∞—Ü–∏–∏,
2017312495,2025-03-26 16:00:22,,–í—Ä–∞—á-—Å–ø–µ—Ü–∏–∞–ª–∏—Å—Ç –ø–æ —Ä–µ–Ω—Ç–≥–µ–Ω—ç–Ω–¥–æ–≤–∞—Å–∫—É–ª—è—Ä–Ω—ã–º –¥–∏–∞–≥–Ω–æ—Å—Ç–∏–∫–µ –∏ –ª–µ—á–µ–Ω–∏—é (–≤–∫–ª—é—á–∞—è —ç–Ω–¥–æ–≤–∞—Å–∫—É–ª—è—Ä–Ω—É—é –∞—Ä–∏—Ç–º–æ–ª–æ–≥–∏—é),,,–î–∞,–ú—É–∂—Å–∫–æ–π,34,8,–ù–µ—Ç,0,–ù–µ—Ç,7,7,6,7,7,7,7,4,7,4,3,1,3,1,3,2,5,5,5,5,3,5,3,2,–î–∞,2,1,3,4,1,1,1,1,6,–ù–µ—Ç,0,1,1,2,1,3,1,1,–ß—É–≤—Å—Ç–≤–∞ —Å–∞–º–æ—Ä–µ–∞–ª–∏–∑–∞—Ü–∏–∏,
2017271494,2025-03-26 15:30:32,–†—É–∫–æ–≤–æ–¥–∏—Ç–µ–ª—å –≤—Ä–∞—á–∞–º–∏ –∏–ª–∏ —Å–µ—Å—Ç—Ä–∞–º–∏ –∑–∞–Ω–∏–º–∞—é—â–∏–º–∏—Å—è —Ä–µ–Ω—Ç–≥–µ–Ω—ç–Ω–¥–æ–≤–∞—Å–∫—É–ª—è—Ä–Ω—ã–º–∏ –ø—Ä–æ—Ü–µ–¥—É—Ä–∞–º–∏,,,,–î–∞,–ú—É–∂—Å–∫–æ–π,35,12,–ù–µ—Ç,6,–ù–µ—Ç,6,5,7,7,7,7,6,7,7,7,7,7,7,5,7,7,7,7,6,6,4,5,7,5,–î–∞,4,3,5,4,4,4,5,5,6,–î–∞,0,0,3,3,4,4,4,2,–ß—É–≤—Å—Ç–≤–∞ —Å–∞–º–æ—Ä–µ–∞–ª–∏–∑–∞—Ü–∏–∏,
2017334767,2025-03-26 16:17:15,,,–ú–µ–¥–∏—Ü–∏–Ω—Å–∫–∞—è —Å–µ—Å—Ç—Ä–∞ (–ª—é–±–∞—è) –≤ —Ä–µ–Ω—Ç–≥–µ–Ω–æ–ø–µ—Ä–∞—Ü–∏–æ–Ω–Ω–æ–π,,–î–∞,–ñ–µ–Ω—Å–∫–∏–π,54,7,–ù–µ—Ç,0,–î–∞,7,7,7,7,7,7,4,4,4,7,4,1,1,7,7,7,4,7,7,4,4,4,7,5,–î–∞,1,1,1,3,1,1,1,1,6,–ù–µ—Ç,5,5,5,5,5,5,5,5,–£–≤–∞–∂–µ–Ω–∏–µ –∫–æ–ª–ª–µ–≥ –∑–∞ —Ä–∞–±–æ—á–∏–µ –∫–∞—á–µ—Å—Ç–≤–∞,
2017367912,2025-03-26 16:42:25,,–í—Ä–∞—á-—Å–ø–µ—Ü–∏–∞–ª–∏—Å—Ç –ø–æ —Ä–µ–Ω—Ç–≥–µ–Ω—ç–Ω–¥–æ–≤–∞—Å–∫—É–ª—è—Ä–Ω—ã–º –¥–∏–∞–≥–Ω–æ—Å—Ç–∏–∫–µ –∏ –ª–µ—á–µ–Ω–∏—é (–≤–∫–ª—é—á–∞—è —ç–Ω–¥–æ–≤–∞—Å–∫—É–ª—è—Ä–Ω—É—é –∞—Ä–∏—Ç–º–æ–ª–æ–≥–∏—é),,,–î–∞,–ú—É–∂—Å–∫–æ–π,35,11,–ù–µ—Ç,0,–ù–µ—Ç,7,7,7,7,7,7,7,4,7,7,5,5,7,6,7,7,7,6,6,5,7,7,7,4,–î–∞,4,1,4,2,1,1,3,3,6,–ù–µ—Ç,4,4,5,5,5,3,3,5,–ë–µ–∑–æ–ø–∞—Å–Ω–æ—Å—Ç–∏ –∏ –¥–µ–Ω–µ–≥,
2017393726,2025-03-26 17:02:29,,–í—Ä–∞—á-—Å–ø–µ—Ü–∏–∞–ª–∏—Å—Ç –ø–æ —Ä–µ–Ω—Ç–≥–µ–Ω—ç–Ω–¥–æ–≤–∞—Å–∫—É–ª—è—Ä–Ω—ã–º –¥–∏–∞–≥–Ω–æ—Å—Ç–∏–∫–µ –∏ –ª–µ—á–µ–Ω–∏—é (–≤–∫–ª—é—á–∞—è —ç–Ω–¥–æ–≤–∞—Å–∫—É–ª—è—Ä–Ω—É—é –∞—Ä–∏—Ç–º–æ–ª–æ–≥–∏—é),,,–ù–µ—Ç,–ú—É–∂—Å–∫–æ–π,42,7,–ù–µ—Ç,0,–î–∞,4,4,6,6,4,4,4,5,5,6,2,1,3,4,5,5,4,4,4,3,3,1,2,6,–î–∞,6,4,6,6,6,4,4,5,6,–î–∞,3,4,3,4,3,3,3,4,–ë–µ–∑–æ–ø–∞—Å–Ω–æ—Å—Ç–∏ –∏ –¥–µ–Ω–µ–≥,
2017423710,2025-03-26 17:26:49,,–í—Ä–∞—á-—Å–ø–µ—Ü–∏–∞–ª–∏—Å—Ç –ø–æ —Ä–µ–Ω—Ç–≥–µ–Ω—ç–Ω–¥–æ–≤–∞—Å–∫—É–ª—è—Ä–Ω—ã–º –¥–∏–∞–≥–Ω–æ—Å—Ç–∏–∫–µ –∏ –ª–µ—á–µ–Ω–∏—é (–≤–∫–ª—é—á–∞—è —ç–Ω–¥–æ–≤–∞—Å–∫—É–ª—è—Ä–Ω—É—é –∞—Ä–∏—Ç–º–æ–ª–æ–≥–∏—é),,,–î–∞,–ú—É–∂—Å–∫–æ–π,40,15,–ù–µ—Ç,0,–î–∞,7,7,5,7,7,7,5,5,7,5,3,2,5,2,4,5,4,4,6,4,6,6,6,5,–î–∞,2,2,3,6,4,2,2,3,1,–ù–µ—Ç,5,4,4,5,5,2,2,2,–ë–µ–∑–æ–ø–∞—Å–Ω–æ—Å—Ç–∏ –∏ –¥–µ–Ω–µ–≥,
2017509002,2025-03-26 18:54:25,,–í—Ä–∞—á-—Å–ø–µ—Ü–∏–∞–ª–∏—Å—Ç –ø–æ —Ä–µ–Ω—Ç–≥–µ–Ω—ç–Ω–¥–æ–≤–∞—Å–∫—É–ª—è—Ä–Ω—ã–º –¥–∏–∞–≥–Ω–æ—Å—Ç–∏–∫–µ –∏ –ª–µ—á–µ–Ω–∏—é (–≤–∫–ª—é—á–∞—è —ç–Ω–¥–æ–≤–∞—Å–∫—É–ª—è—Ä–Ω—É—é –∞—Ä–∏—Ç–º–æ–ª–æ–≥–∏—é),,,–î–∞,–ú—É–∂—Å–∫–æ–π,41,18,–î–æ–∫—Ç–æ—Ä –Ω–∞—É–∫,0,–î–∞,4,6,5,7,7,7,4,4,5,6,5,5,5,5,7,5,5,7,7,7,7,6,4,3,–î–∞,1,2,2,5,2,2,1,1,1,–ù–µ—Ç,5,3,2,2,5,4,2,4,–ë–µ–∑–æ–ø–∞—Å–Ω–æ—Å—Ç–∏ –∏ –¥–µ–Ω–µ–≥,
2017510004,2025-03-26 18:55:41,,–í—Ä–∞—á-—Å–ø–µ—Ü–∏–∞–ª–∏—Å—Ç –ø–æ —Ä–µ–Ω—Ç–≥–µ–Ω—ç–Ω–¥–æ–≤–∞—Å–∫—É–ª—è—Ä–Ω—ã–º –¥–∏–∞–≥–Ω–æ—Å—Ç–∏–∫–µ –∏ –ª–µ—á–µ–Ω–∏—é (–≤–∫–ª—é—á–∞—è —ç–Ω–¥–æ–≤–∞—Å–∫—É–ª—è—Ä–Ω—É—é –∞—Ä–∏—Ç–º–æ–ª–æ–≥–∏—é),,,–î–∞,–ú—É–∂—Å–∫–æ–π,30,5,–ù–µ—Ç,0,–ù–µ—Ç,7,7,6,4,5,7,5,4,6,7,3,3,6,5,6,6,7,6,5,5,6,5,6,4,–î–∞,2,2,2,3,2,1,1,1,5,–ù–µ—Ç,5,4,3,5,5,3,3,5,–ë–µ–∑–æ–ø–∞—Å–Ω–æ—Å—Ç–∏ –∏ –¥–µ–Ω–µ–≥,
2017527042,2025-03-26 19:17:26,,–í—Ä–∞—á-—Å–ø–µ—Ü–∏–∞–ª–∏—Å—Ç –ø–æ —Ä–µ–Ω—Ç–≥–µ–Ω—ç–Ω–¥–æ–≤–∞—Å–∫—É–ª—è—Ä–Ω—ã–º –¥–∏–∞–≥–Ω–æ—Å—Ç–∏–∫–µ –∏ –ª–µ—á–µ–Ω–∏—é (–≤–∫–ª—é—á–∞—è —ç–Ω–¥–æ–≤–∞—Å–∫—É–ª—è—Ä–Ω—É—é –∞—Ä–∏—Ç–º–æ–ª–æ–≥–∏—é),,,–î–∞,–ú—É–∂—Å–∫–æ–π,37,13,–ù–µ—Ç,0,–ù–µ—Ç,5,7,5,7,6,7,6,7,7,7,3,2,7,4,5,5,7,7,6,5,6,6,7,4,–î–∞,2,1,3,4,5,1,1,1,2,–ù–µ—Ç,5,2,2,5,4,3,5,2,–ß—É–≤—Å—Ç–≤–∞ —Å–∞–º–æ—Ä–µ–∞–ª–∏–∑–∞—Ü–∏–∏,
2017667253,2025-03-26 22:47:18,,–í—Ä–∞—á-—Å–ø–µ—Ü–∏–∞–ª–∏—Å—Ç –ø–æ —Ä–µ–Ω—Ç–≥–µ–Ω—ç–Ω–¥–æ–≤–∞—Å–∫—É–ª—è—Ä–Ω—ã–º –¥–∏–∞–≥–Ω–æ—Å—Ç–∏–∫–µ –∏ –ª–µ—á–µ–Ω–∏—é (–≤–∫–ª—é—á–∞—è —ç–Ω–¥–æ–≤–∞—Å–∫—É–ª—è—Ä–Ω—É—é –∞—Ä–∏—Ç–º–æ–ª–æ–≥–∏—é),,,–î–∞,–ú—É–∂—Å–∫–æ–π,34,5,–ù–µ—Ç,0,–ù–µ—Ç,5,3,5,7,6,4,7,7,7,1,3,1,1,1,5,1,5,7,5,4,6,2,4,5,–î–∞,5,4,5,5,6,3,1,1,4,–ù–µ—Ç,3,3,2,2,2,3,3,3,–ß—É–≤—Å—Ç–≤–∞ —Å–∞–º–æ—Ä–µ–∞–ª–∏–∑–∞—Ü–∏–∏,
2017686369,2025-03-26 23:37:38,,–í—Ä–∞—á-—Å–ø–µ—Ü–∏–∞–ª–∏—Å—Ç –ø–æ —Ä–µ–Ω—Ç–≥–µ–Ω—ç–Ω–¥–æ–≤–∞—Å–∫—É–ª—è—Ä–Ω—ã–º –¥–∏–∞–≥–Ω–æ—Å—Ç–∏–∫–µ –∏ –ª–µ—á–µ–Ω–∏—é (–≤–∫–ª—é—á–∞—è —ç–Ω–¥–æ–≤–∞—Å–∫—É–ª—è—Ä–Ω—É—é –∞—Ä–∏—Ç–º–æ–ª–æ–≥–∏—é),,,–î–∞,–ú—É–∂—Å–∫–æ–π,37,10,–ù–µ—Ç,0,–î–∞,1,3,7,6,7,7,5,5,7,7,4,2,4,5,7,7,7,6,7,1,6,1,5,4,–î–∞,2,2,4,4,1,1,1,2,1,–ù–µ—Ç,2,0,3,4,5,5,5,3,–ë–µ–∑–æ–ø–∞—Å–Ω–æ—Å—Ç–∏ –∏ –¥–µ–Ω–µ–≥,
2017716978,2025-03-27 02:21:10,,–í—Ä–∞—á-—Å–ø–µ—Ü–∏–∞–ª–∏—Å—Ç –ø–æ —Ä–µ–Ω—Ç–≥–µ–Ω—ç–Ω–¥–æ–≤–∞—Å–∫—É–ª—è—Ä–Ω—ã–º –¥–∏–∞–≥–Ω–æ—Å—Ç–∏–∫–µ –∏ –ª–µ—á–µ–Ω–∏—é (–≤–∫–ª—é—á–∞—è —ç–Ω–¥–æ–≤–∞—Å–∫—É–ª—è—Ä–Ω—É—é –∞—Ä–∏—Ç–º–æ–ª–æ–≥–∏—é),,,–î–∞,–ú—É–∂—Å–∫–æ–π,36,5,–ù–µ—Ç,0,–ù–µ—Ç,2,5,6,7,7,7,2,5,7,7,5,4,7,2,7,7,7,6,5,5,6,2,5,7,–î–∞,3,1,1,2,5,1,2,1,4,–ù–µ—Ç,1,1,1,2,4,3,2,4,–ß—É–≤—Å—Ç–≤–∞ —Å–∞–º–æ—Ä–µ–∞–ª–∏–∑–∞—Ü–∏–∏,
2017838612,2025-03-27 08:50:01,,,–ú–µ–¥–∏—Ü–∏–Ω—Å–∫–∞—è —Å–µ—Å—Ç—Ä–∞ (–ª—é–±–∞—è) –≤ —Ä–µ–Ω—Ç–≥–µ–Ω–æ–ø–µ—Ä–∞—Ü–∏–æ–Ω–Ω–æ–π,,–î–∞,–ñ–µ–Ω—Å–∫–∏–π,29,7,–ù–µ—Ç,0,–ù–µ—Ç,6,7,7,7,7,7,7,7,7,6,6,5,5,7,5,6,5,6,5,5,6,6,6,7,–î–∞,4,3,5,6,5,4,4,3,5,–ù–µ—Ç,4,3,4,4,5,5,5,3,–ß—É–≤—Å—Ç–≤–∞ —Å–∞–º–æ—Ä–µ–∞–ª–∏–∑–∞—Ü–∏–∏,
2018187935,2025-03-27 14:41:59,,,–ú–µ–¥–∏—Ü–∏–Ω—Å–∫–∞—è —Å–µ—Å—Ç—Ä–∞ (–ª—é–±–∞—è) –≤ —Ä–µ–Ω—Ç–≥–µ–Ω–æ–ø–µ—Ä–∞—Ü–∏–æ–Ω–Ω–æ–π,,–î–∞,–ñ–µ–Ω—Å–∫–∏–π,39,1,–ù–µ—Ç,0,–î–∞,6,7,7,7,7,7,7,7,7,7,7,6,6,7,7,7,7,7,7,7,6,2,6,7,–î–∞,7,7,7,5,7,5,4,5,1,–ù–µ—Ç,2,3,5,3,5,4,4,3,–ë–µ–∑–æ–ø–∞—Å–Ω–æ—Å—Ç–∏ –∏ –¥–µ–Ω–µ–≥,
2018582034,2025-03-27 23:38:19,–†—É–∫–æ–≤–æ–¥–∏—Ç–µ–ª—å –≤—Ä–∞—á–∞–º–∏ –∏–ª–∏ —Å–µ—Å—Ç—Ä–∞–º–∏ –∑–∞–Ω–∏–º–∞—é—â–∏–º–∏—Å—è —Ä–µ–Ω—Ç–≥–µ–Ω—ç–Ω–¥–æ–≤–∞—Å–∫—É–ª—è—Ä–Ω—ã–º–∏ –ø—Ä–æ—Ü–µ–¥—É—Ä–∞–º–∏,,,,–î–∞,–ñ–µ–Ω—Å–∫–∏–π,43,3,–ù–µ—Ç,6,–î–∞,7,7,7,7,7,7,7,7,7,7,7,1,3,6,4,7,7,6,4,5,6,6,5,7,–î–∞,3,1,2,2,4,1,2,1,3,–î–∞,5,5,5,5,5,3,5,5,–ë–µ–∑–æ–ø–∞—Å–Ω–æ—Å—Ç–∏ –∏ –¥–µ–Ω–µ–≥,
2018647713,2025-03-28 06:02:47,–†—É–∫–æ–≤–æ–¥–∏—Ç–µ–ª—å –≤—Ä–∞—á–∞–º–∏ –∏–ª–∏ —Å–µ—Å—Ç—Ä–∞–º–∏ –∑–∞–Ω–∏–º–∞—é—â–∏–º–∏—Å—è —Ä–µ–Ω—Ç–≥–µ–Ω—ç–Ω–¥–æ–≤–∞—Å–∫—É–ª—è—Ä–Ω—ã–º–∏ –ø—Ä–æ—Ü–µ–¥—É—Ä–∞–º–∏,,,,–î–∞,–ñ–µ–Ω—Å–∫–∏–π,40,5,–ù–µ—Ç,0,–î–∞,7,7,7,7,7,7,7,7,7,7,7,1,1,1,1,1,1,1,1,1,1,1,1,7,–î–∞,7,1,5,7,1,1,5,1,6,–ù–µ—Ç,5,5,5,5,5,5,5,5,–ë–µ–∑–æ–ø–∞—Å–Ω–æ—Å—Ç–∏ –∏ –¥–µ–Ω–µ–≥,
2018591062,2025-03-28 00:10:57,,,–ú–µ–¥–∏—Ü–∏–Ω—Å–∫–∞—è —Å–µ—Å—Ç—Ä–∞ (–ª—é–±–∞—è) –≤ —Ä–µ–Ω—Ç–≥–µ–Ω–æ–ø–µ—Ä–∞—Ü–∏–æ–Ω–Ω–æ–π,,–î–∞,–ñ–µ–Ω—Å–∫–∏–π,35,7,–ù–µ—Ç,0,–î–∞,3,7,5,7,7,4,4,3,3,2,2,1,1,2,3,4,4,3,2,1,2,3,7,4,–î–∞,3,2,3,3,2,1,1,1,4,–ù–µ—Ç,2,2,1,4,4,5,3,3,–ë–µ–∑–æ–ø–∞—Å–Ω–æ—Å—Ç–∏ –∏ –¥–µ–Ω–µ–≥,
2018762944,2025-03-28 09:23:50,,–í—Ä–∞—á-—Å–ø–µ—Ü–∏–∞–ª–∏—Å—Ç –ø–æ —Ä–µ–Ω—Ç–≥–µ–Ω—ç–Ω–¥–æ–≤–∞—Å–∫—É–ª—è—Ä–Ω—ã–º –¥–∏–∞–≥–Ω–æ—Å—Ç–∏–∫–µ –∏ –ª–µ—á–µ–Ω–∏—é (–≤–∫–ª—é—á–∞—è —ç–Ω–¥–æ–≤–∞—Å–∫—É–ª—è—Ä–Ω—É—é –∞—Ä–∏—Ç–º–æ–ª–æ–≥–∏—é),,,–î–∞,–ú—É–∂—Å–∫–æ–π,34,2,–ù–µ—Ç,0,–î–∞,1,6,7,5,7,7,5,7,7,7,2,1,3,3,5,4,3,3,5,4,4,1,3,5,–î–∞,4,3,4,3,3,1,1,1,4,–ù–µ—Ç,4,3,3,3,4,3,3,3,–ë–µ–∑–æ–ø–∞—Å–Ω–æ—Å—Ç–∏ –∏ –¥–µ–Ω–µ–≥,
2018847678,2025-03-28 10:56:21,,–í—Ä–∞—á-—Å–ø–µ—Ü–∏–∞–ª–∏—Å—Ç –ø–æ —Ä–µ–Ω—Ç–≥–µ–Ω—ç–Ω–¥–æ–≤–∞—Å–∫—É–ª—è—Ä–Ω—ã–º –¥–∏–∞–≥–Ω–æ—Å—Ç–∏–∫–µ –∏ –ª–µ—á–µ–Ω–∏—é (–≤–∫–ª—é—á–∞—è —ç–Ω–¥–æ–≤–∞—Å–∫—É–ª—è—Ä–Ω—É—é –∞—Ä–∏—Ç–º–æ–ª–æ–≥–∏—é),,,–î–∞,–ú—É–∂—Å–∫–æ–π,41,12,–ù–µ—Ç,0,–ù–µ—Ç,3,7,7,7,7,7,7,3,7,3,3,1,1,5,5,3,7,7,7,7,5,3,7,5,–î–∞,3,1,1,3,1,7,1,1,6,–ù–µ—Ç,5,5,5,5,5,5,5,5,–ë–µ–∑–æ–ø–∞—Å–Ω–æ—Å—Ç–∏ –∏ –¥–µ–Ω–µ–≥,
2019647799,2025-03-29 10:12:20,–†—É–∫–æ–≤–æ–¥–∏—Ç–µ–ª—å –≤—Ä–∞—á–∞–º–∏ –∏–ª–∏ —Å–µ—Å—Ç—Ä–∞–º–∏ –∑–∞–Ω–∏–º–∞—é—â–∏–º–∏—Å—è —Ä–µ–Ω—Ç–≥–µ–Ω—ç–Ω–¥–æ–≤–∞—Å–∫—É–ª—è—Ä–Ω—ã–º–∏ –ø—Ä–æ—Ü–µ–¥—É—Ä–∞–º–∏,–í—Ä–∞—á-—Å–ø–µ—Ü–∏–∞–ª–∏—Å—Ç –ø–æ —Ä–µ–Ω—Ç–≥–µ–Ω—ç–Ω–¥–æ–≤–∞—Å–∫—É–ª—è—Ä–Ω—ã–º –¥–∏–∞–≥–Ω–æ—Å—Ç–∏–∫–µ –∏ –ª–µ—á–µ–Ω–∏—é (–≤–∫–ª—é—á–∞—è —ç–Ω–¥–æ–≤–∞—Å–∫—É–ª—è—Ä–Ω—É—é –∞—Ä–∏—Ç–º–æ–ª–æ–≥–∏—é),,,–î–∞,–ú—É–∂—Å–∫–æ–π,43,15,–ù–µ—Ç,1,–ù–µ—Ç,7,7,7,7,7,7,7,6,7,6,3,7,7,3,6,5,4,3,3,3,7,7,3,3,–î–∞,3,1,2,4,3,1,1,1,6,–î–∞,5,2,2,3,4,3,3,2,–ë–µ–∑–æ–ø–∞—Å–Ω–æ—Å—Ç–∏ –∏ –¥–µ–Ω–µ–≥,
2020308624,2025-03-30 13:23:07,,–í—Ä–∞—á-—Å–ø–µ—Ü–∏–∞–ª–∏—Å—Ç –ø–æ —Ä–µ–Ω—Ç–≥–µ–Ω—ç–Ω–¥–æ–≤–∞—Å–∫—É–ª—è—Ä–Ω—ã–º –¥–∏–∞–≥–Ω–æ—Å—Ç–∏–∫–µ –∏ –ª–µ—á–µ–Ω–∏—é (–≤–∫–ª—é—á–∞—è —ç–Ω–¥–æ–≤–∞—Å–∫—É–ª—è—Ä–Ω—É—é –∞—Ä–∏—Ç–º–æ–ª–æ–≥–∏—é),,,–î–∞,–ñ–µ–Ω—Å–∫–∏–π,27,3,–ù–µ—Ç,0,–ù–µ—Ç,2,6,7,7,7,7,6,5,6,7,7,2,4,4,5,7,6,6,6,5,7,6,6,3,–î–∞,1,1,1,1,1,1,1,1,6,–ù–µ—Ç,4,3,5,5,5,5,5,5,–ß—É–≤—Å—Ç–≤–∞ —Å–∞–º–æ—Ä–µ–∞–ª–∏–∑–∞—Ü–∏–∏,
2021037415,2025-03-31 12:06:33,,,–ú–µ–¥–∏—Ü–∏–Ω—Å–∫–∞—è —Å–µ—Å—Ç—Ä–∞ (–ª—é–±–∞—è) –≤ —Ä–µ–Ω—Ç–≥–µ–Ω–æ–ø–µ—Ä–∞—Ü–∏–æ–Ω–Ω–æ–π,,–î–∞,–ñ–µ–Ω—Å–∫–∏–π,45,8,–ù–µ—Ç,0,–î–∞,4,5,5,7,7,7,4,1,4,4,1,1,1,7,7,1,4,4,4,5,4,1,1,7,–î–∞,5,1,1,1,1,1,1,1,6,–ù–µ—Ç,3,0,0,0,0,0,3,0,–ë–µ–∑–æ–ø–∞—Å–Ω–æ—Å—Ç–∏ –∏ –¥–µ–Ω–µ–≥,
2021046493,2025-03-31 12:15:02,,,–ú–µ–¥–∏—Ü–∏–Ω—Å–∫–∞—è —Å–µ—Å—Ç—Ä–∞ (–ª—é–±–∞—è) –≤ —Ä–µ–Ω—Ç–≥–µ–Ω–æ–ø–µ—Ä–∞—Ü–∏–æ–Ω–Ω–æ–π,,–î–∞,–ñ–µ–Ω—Å–∫–∏–π,50,18,–ù–µ—Ç,0,–î–∞,7,7,7,7,7,7,7,5,7,7,4,2,2,7,7,7,4,3,7,4,1,1,5,4,–î–∞,1,1,1,1,1,1,1,1,6,–ù–µ—Ç,1,1,1,1,1,3,4,3,–£–≤–∞–∂–µ–Ω–∏–µ –∫–æ–ª–ª–µ–≥ –∑–∞ —Ä–∞–±–æ—á–∏–µ –∫–∞—á–µ—Å—Ç–≤–∞,
2021605948,2025-03-31 21:20:58,,–í—Ä–∞—á-—Å–ø–µ—Ü–∏–∞–ª–∏—Å—Ç –ø–æ —Ä–µ–Ω—Ç–≥–µ–Ω—ç–Ω–¥–æ–≤–∞—Å–∫—É–ª—è—Ä–Ω—ã–º –¥–∏–∞–≥–Ω–æ—Å—Ç–∏–∫–µ –∏ –ª–µ—á–µ–Ω–∏—é (–≤–∫–ª—é—á–∞—è —ç–Ω–¥–æ–≤–∞—Å–∫—É–ª—è—Ä–Ω—É—é –∞—Ä–∏—Ç–º–æ–ª–æ–≥–∏—é),,,–î–∞,–ú—É–∂—Å–∫–æ–π,41,15,–ù–µ—Ç,0,–ù–µ—Ç,6,7,5,6,3,5,6,3,7,6,3,1,3,1,4,5,4,6,5,7,6,4,5,5,–î–∞,3,1,2,6,2,1,1,1,3,–ù–µ—Ç,4,1,4,5,5,3,3,4,–ß—É–≤—Å—Ç–≤–∞ —Å–∞–º–æ—Ä–µ–∞–ª–∏–∑–∞—Ü–∏–∏,
